file	line_num	entity	context_before	word	context_after	group
001_五帝本纪.tagged.md	114	宾客	，百官时序。宾於四门，四门穆穆，诸侯远方	宾客	皆敬。〖@尧〗使〖@舜〗入山林川泽，暴〖	guest_retainer
001_五帝本纪.tagged.md	147	庶人	矣。自从〖@穷蝉〗以至〖@帝舜〗，皆微为	庶人	。	social_roles
001_五帝本纪.tagged.md	211	宾客	- [24.7] 〖@龙〗主	宾客	，远人至；	guest_retainer
003_殷本纪.tagged.md	38	处士	@汤〗，致于〖^王道〗。或曰，〖@伊尹〗	处士	，〖@汤〗使人聘迎之，五反然後肯往从〖@	scholar_warrior
003_殷本纪.tagged.md	124	妇人	- 好酒淫乐，嬖於	妇人	。爱〖@妲己〗，〖@妲己〗之言是从。	social_roles
004_周本纪.tagged.md	39	妇人	〖@季历〗，〖@季历〗娶〖@太任〗，皆贤	妇人	，生〖@昌〗，有圣瑞。	social_roles
004_周本纪.tagged.md	101	妇人	，告于众庶：“今〖'殷〗王〖@纣〗乃用其	妇人	之言，自绝于天，毁坏其〖^三正〗，离逷其	social_roles
004_周本纪.tagged.md	101	妇人	弃其先祖之乐，乃为淫声，用变乱正声，怡说	妇人	。故今予〖@发〗维共行天罚。勉哉夫子，不	social_roles
004_周本纪.tagged.md	204	庶人	献曲，史献书，师箴，瞍赋，矇诵，百工谏，	庶人	传语，近臣尽规，亲戚补察，瞽史教诲，耆艾	social_roles
004_周本纪.tagged.md	204	近臣	书，师箴，瞍赋，矇诵，百工谏，庶人传语，	近臣	尽规，亲戚补察，瞽史教诲，耆艾脩之，而后	minister_type
004_周本纪.tagged.md	231	妇人	漦流于庭，不可除。〖@厉王〗使	妇人	裸而譟之。漦化为〘玄鼋〙，以入王後宫。後	social_roles
005_秦本纪.tagged.md	188	良臣	为诸侯〖;盟主〗，亦宜哉。死而弃民，收其	良臣	而从死。且〖#先王〗崩，尚犹遗德垂法，况	minister_type
005_秦本纪.tagged.md	188	良臣	且〖#先王〗崩，尚犹遗德垂法，况夺之善人	良臣	百姓所哀者乎？是以知〖'秦〗不能复东征也	minister_type
005_秦本纪.tagged.md	330	寡人	复〖@缪公〗之故地，脩〖@缪公〗之政令。	寡人	思念先君之意，常痛於心。宾客群臣有能出奇	social_roles
005_秦本纪.tagged.md	330	宾客	公〗之政令。寡人思念先君之意，常痛於心。	宾客	群臣有能出奇计彊〖'秦〗者，吾且尊官，与	guest_retainer
006_秦始皇本纪.tagged.md	21	宾客	，封〖%十万户〗，号曰〖;文信侯〗。招致	宾客	游士，欲以并〔天下〕。	guest_retainer
006_秦始皇本纪.tagged.md	39	质子	[5.2] 〖'秦〗	质子	归自〖'赵〗，〖'赵〗太子出归国。	kin_relation
006_秦始皇本纪.tagged.md	127	布衣	〘狼〙心，居约易出人下，得志亦轻食人。我	布衣	，然见我常身自下我。诚使〖'秦〗王得志於	social_roles
006_秦始皇本纪.tagged.md	243	寡人	[34.2] 	寡人	以为善，庶几息兵革。	social_roles
006_秦始皇本纪.tagged.md	245	质子	〗王使其〖;相〗〖@李牧〗来约盟，故归其	质子	。已而倍盟，反我〖=太原〗，故兴兵诛之，	kin_relation
006_秦始皇本纪.tagged.md	257	寡人	> "	寡人	以眇眇之身，兴兵诛暴乱，赖〖^宗庙〗之灵	social_roles
006_秦始皇本纪.tagged.md	303	子弟	> "〖'周〗〖;文王〗、〖;武王〗所封	子弟	同姓甚众，然后属疏远，相攻击如仇雠，诸侯	kin_relation
006_秦始皇本纪.tagged.md	309	侯王	> "〔天下〕共苦战斗不休，以有	侯王	。赖〖^宗庙〗，〔天下〕初定，又复立国，	ruler_subject
006_秦始皇本纪.tagged.md	561	匹夫	功臣〗，自为枝辅。今陛下有海内，而子弟为	匹夫	，卒有〖@田常〗、〖;六卿〗之臣，无辅拂	social_roles
006_秦始皇本纪.tagged.md	561	子弟	闻〖'殷〗、〖'周〗之王〖%千馀岁〗，封	子弟	〖#功臣〗，自为枝辅。今陛下有海内，而子	kin_relation
006_秦始皇本纪.tagged.md	561	子弟	弟〖#功臣〗，自为枝辅。今陛下有海内，而	子弟	为匹夫，卒有〖@田常〗、〖;六卿〗之臣，	kin_relation
006_秦始皇本纪.tagged.md	561	忠臣	闻也。今〖@青臣〗又面谀以重陛下之过，非	忠臣	。"	minister_type
006_秦始皇本纪.tagged.md	627	人主	仙者〛常弗遇，类物有害之者。〖^方中〗，	人主	时为微行以辟恶〚鬼〛，恶〚鬼〛辟，〚真人	ruler_subject
006_秦始皇本纪.tagged.md	629	人主	[68.2] 	人主	所居而〖#人臣〗知之，则害於神。〚真人〛	ruler_subject
006_秦始皇本纪.tagged.md	820	先帝	> "	先帝	后宫非有子者，出焉不宜。"	ruler_subject
006_秦始皇本纪.tagged.md	850	先帝	> "朕年少，初即位，黔首未集附。	先帝	巡行郡县，以示强，威服海内。今晏然不巡行	ruler_subject
006_秦始皇本纪.tagged.md	854	先帝	@始皇〗所立刻石，石旁著大臣从者名，以章	先帝	成功盛德焉。	ruler_subject
006_秦始皇本纪.tagged.md	878	先帝	> "臣固愿言而未敢也。	先帝	之大臣，皆〔天下〕累世名〖#贵人〗也，积	ruler_subject
006_秦始皇本纪.tagged.md	920	先帝	> "	先帝	为〖=咸阳〗朝廷小，故营〖=阿房宫〗为室	ruler_subject
006_秦始皇本纪.tagged.md	920	先帝	〖@大毕〗，今释〖=阿房宫〗弗就，则是章	先帝	举事过也。"	ruler_subject
006_秦始皇本纪.tagged.md	936	少年	[98.3] 〖=山东〗郡县	少年	苦〖'秦〗吏，皆杀其〖;守〗、〖;尉〗、	moral_type
006_秦始皇本纪.tagged.md	936	侯王	令〗、〖;丞〗反，以应〖@陈涉〗，相立为	侯王	，〖^合从〗西乡，名为伐〖'秦〗，不可胜	ruler_subject
006_秦始皇本纪.tagged.md	974	先帝	> "	先帝	临制〔天下〕久，故群臣不敢为非，进邪说。	ruler_subject
006_秦始皇本纪.tagged.md	992	先帝	[103.3] 且	先帝	起诸侯，兼〔天下〕，〔天下〕已定，外攘〖	ruler_subject
006_秦始皇本纪.tagged.md	992	先帝	边竟，作〖^宫室〗以章〖@得意〗，而君观	先帝	功业有绪。	ruler_subject
006_秦始皇本纪.tagged.md	994	先帝	%二年〗之间，群盗并起，君不能禁，又欲罢	先帝	之所为，是上毋以报先帝，次不为朕尽忠力，	ruler_subject
006_秦始皇本纪.tagged.md	994	先帝	，君不能禁，又欲罢先帝之所为，是上毋以报	先帝	，次不为朕尽忠力，何以在位？"	ruler_subject
006_秦始皇本纪.tagged.md	1172	匹夫	[120.2] 诸侯起於	匹夫	，以利合，非有素王之行也。其交未亲，其下	social_roles
006_秦始皇本纪.tagged.md	1186	忠臣	[122.3] 是以三主失道，	忠臣	不敢谏，智士不敢谋，〔天下〕已乱，奸不上	minister_type
006_秦始皇本纪.tagged.md	1264	王者	[134.2] 曰：近古之无	王者	久矣。〖'周〗室卑微，〖^五霸〗既殁，令	ruler_subject
006_秦始皇本纪.tagged.md	1280	先帝	而任忠贤，臣主一心而忧海内之患，缟素而正	先帝	之过，裂地分民以封〖#功臣〗之后，建国立	ruler_subject
007_项羽本纪.tagged.md	15	少年	### 	少年	项籍	moral_type
007_项羽本纪.tagged.md	29	宾客	，〖@项梁〗常为主办，阴以〖^兵法〗部勒	宾客	及子弟，以是知其能。	guest_retainer
007_项羽本纪.tagged.md	29	子弟	项梁〗常为主办，阴以〖^兵法〗部勒宾客及	子弟	，以是知其能。	kin_relation
007_项羽本纪.tagged.md	81	豪杰	[11.1] 〖@梁〗部署〖=吴中〗	豪杰	为〖;校尉〗、〖;候〗、〖;司马〗。	moral_type
007_项羽本纪.tagged.md	109	长者	=东阳〗〖;令史〗，居县中，素信谨，称为	长者	。	social_roles
007_项羽本纪.tagged.md	111	少年	[15.2] 〖=东阳〗	少年	杀其令，相聚数〖%千人〗，欲置长，无適用	moral_type
007_项羽本纪.tagged.md	115	少年	[16.1] 	少年	欲立〖@婴〗便为王，异军苍头特起。	moral_type
007_项羽本纪.tagged.md	555	壮士	> "	壮士	，赐之〖*卮酒〗。"	scholar_warrior
007_项羽本纪.tagged.md	567	壮士	> "	壮士	，能复饮乎？"	scholar_warrior
007_项羽本纪.tagged.md	675	侯王	92.1] 乃分〔天下〕，立诸〖;将〗为	侯王	。	ruler_subject
007_项羽本纪.tagged.md	1059	辩士	> "此〔天下〕	辩士	，所居倾国，故号为〖;平国君〗。"	scholar_warrior
007_项羽本纪.tagged.md	1123	壮士	.1] 於是〖@项王〗乃上〘马〙骑，麾下	壮士	骑从者八〖%百馀〗人，直夜溃围南出，驰走	scholar_warrior
007_项羽本纪.tagged.md	1179	父兄	渡〖=江〗而西，今无一人还，纵〖=江东〗	父兄	怜而王我，我何面目见之？"	kin_relation
007_项羽本纪.tagged.md	1179	子弟	之亡我，我何渡为！且〖@籍〗与〖=江东〗	子弟	八〖%千人〗渡〖=江〗而西，今无一人还，	kin_relation
007_项羽本纪.tagged.md	1185	长者	> "吾知公	长者	。吾骑此〘马〙〖%五岁〗，所当无敌，尝〖	social_roles
007_项羽本纪.tagged.md	1219	父兄	节，乃持〖@项王〗头视〖=鲁〗，〖=鲁〗	父兄	乃降。	kin_relation
007_项羽本纪.tagged.md	1236	王侯	遂将五诸侯灭〖'秦〗，分裂〔天下〕，而封	王侯	，政由〖@羽〗出，号为"〖#霸王〗"，位	ruler_subject
007_项羽本纪.tagged.md	1238	王侯	背关怀〖'楚〗，放逐〖@义帝〗而自立，怨	王侯	叛己，难矣。自矜功伐，奋其私智而不师古，	ruler_subject
008_高祖本纪.tagged.md	37	丈夫	> "嗟乎，大	丈夫	当如此也！"	social_roles
008_高祖本纪.tagged.md	43	豪桀	[5.2] 〖=沛〗中	豪桀	吏闻令有重客，皆往贺。	moral_type
008_高祖本纪.tagged.md	131	壮士	[8.3] 徒中	壮士	原从者〖%十馀人〗。	scholar_warrior
008_高祖本纪.tagged.md	141	壮士	> "	壮士	行，何畏！"	scholar_warrior
008_高祖本纪.tagged.md	199	子弟	 "君为〖'秦〗吏，今欲背之，率〖=沛〗	子弟	，恐不听。原君召诸亡在外者，可得〖%数百	kin_relation
008_高祖本纪.tagged.md	213	父老	〖@刘季〗乃书〖*帛〗射城上，谓〖=沛〗	父老	曰：	kin_relation
008_高祖本纪.tagged.md	215	子弟	并起，今屠〖=沛〗。〖=沛〗今共诛令，择	子弟	可立者立之，以应诸侯，则家室完。不然，父	kin_relation
008_高祖本纪.tagged.md	215	父老	> "〔天下〕苦〖'秦〗久矣。今	父老	虽为〖=沛〗令守，诸侯并起，今屠〖=沛〗	kin_relation
008_高祖本纪.tagged.md	217	子弟	[11.5] 父老乃率	子弟	共杀〖=沛〗令，开〖*城门〗迎〖@刘季〗	kin_relation
008_高祖本纪.tagged.md	217	父老	[11.5] 	父老	乃率子弟共杀〖=沛〗令，开〖*城门〗迎〖	kin_relation
008_高祖本纪.tagged.md	221	父兄	善，壹败涂地。吾非敢自爱，恐能薄，不能完	父兄	子弟。此大事，原更相推择可者。"	kin_relation
008_高祖本纪.tagged.md	221	子弟	壹败涂地。吾非敢自爱，恐能薄，不能完父兄	子弟	。此大事，原更相推择可者。"	kin_relation
008_高祖本纪.tagged.md	225	父老	[11.8] 诸	父老	皆曰：	kin_relation
008_高祖本纪.tagged.md	235	少年	[11.12] 於是	少年	豪吏如〖@萧〗、〖@曹〗、〖@樊哙〗等皆	moral_type
008_高祖本纪.tagged.md	235	子弟	〗、〖@曹〗、〖@樊哙〗等皆为收〖=沛〗	子弟	二〖%三千人〗，攻〖=胡陵〗、〖=方与〗	kin_relation
008_高祖本纪.tagged.md	267	子弟	13] 〖@沛公〗怨〖@雍齿〗与〖=丰〗	子弟	叛之，闻〖=东阳〗〖;甯君〗、〖@秦嘉〗	kin_relation
008_高祖本纪.tagged.md	349	长者	，前〖@陈王〗、〖@项梁〗皆败。不如更遣	长者	扶义而西，告谕〖'秦〗父兄。〖'秦〗父兄	social_roles
008_高祖本纪.tagged.md	349	父兄	皆败。不如更遣长者扶义而西，告谕〖'秦〗	父兄	。〖'秦〗父兄苦其主久矣，今诚得长者往，	kin_relation
008_高祖本纪.tagged.md	349	长者	秦〗父兄。〖'秦〗父兄苦其主久矣，今诚得	长者	往，毋侵暴，宜可下。今〖@项羽〗僄悍，今	social_roles
008_高祖本纪.tagged.md	349	父兄	长者扶义而西，告谕〖'秦〗父兄。〖'秦〗	父兄	苦其主久矣，今诚得长者往，毋侵暴，宜可下	kin_relation
008_高祖本纪.tagged.md	349	长者	项羽〗僄悍，今不可遣。独〖@沛公〗素宽大	长者	，可遣。"	social_roles
008_高祖本纪.tagged.md	371	长者	"诸将过此者多，吾视〖@沛公〗〖;大人〗	长者	。"	social_roles
008_高祖本纪.tagged.md	379	长者	> "足下必欲诛无道〖'秦〗，不宜踞见	长者	。"	social_roles
008_高祖本纪.tagged.md	469	父老	[23.7] 召诸县	父老	豪桀曰：	kin_relation
008_高祖本纪.tagged.md	469	豪桀	[23.7] 召诸县父老	豪桀	曰：	moral_type
008_高祖本纪.tagged.md	471	父老	> "	父老	苦〖'秦〗〖^苛法〗久矣，〖^诽谤〗者族	kin_relation
008_高祖本纪.tagged.md	471	父老	侯约，先入关者王之，吾当王〖=关中〗。与	父老	约，〖^法三章〗耳：杀人者死，伤人及盗抵	kin_relation
008_高祖本纪.tagged.md	471	父老	^法〗。诸吏人皆案堵如故。凡吾所以来，为	父老	除害，非有所侵暴，无恐！且吾所以还军〖=	kin_relation
008_高祖本纪.tagged.md	889	子弟	'秦〗降王〖@子婴〗，罪五。诈阬〖'秦〗	子弟	〖=新安〗二十万，王其将，罪六。〖@项羽	kin_relation
008_高祖本纪.tagged.md	903	父老	.1] 病愈，西入关，至〖=栎阳〗，存问	父老	，置酒，枭故〖;塞王〗〖@欣〗头〖=栎阳	kin_relation
008_高祖本纪.tagged.md	973	王侯	细，诛暴逆，平定四海，有功者辄裂地而封为	王侯	。大王不尊号，皆疑不信。臣等以死守之。"	ruler_subject
008_高祖本纪.tagged.md	983	侯王	### 封诸	侯王		ruler_subject
008_高祖本纪.tagged.md	1057	人主	也；〖@太公〗虽父，〖#人臣〗也。柰何令	人主	拜〖#人臣〗！如此，则威重不行。"	ruler_subject
008_高祖本纪.tagged.md	1065	人主	> "〖;帝〗，	人主	也，柰何以我乱〔天下〕〖^法〗！"	ruler_subject
008_高祖本纪.tagged.md	1081	子弟	'齐〗得十二焉。故此东西〖'秦〗也。非亲	子弟	，莫可使王〖'齐〗矣。"	kin_relation
008_高祖本纪.tagged.md	1243	父兄	[81.6] 谓〖=沛〗	父兄	曰：	kin_relation
008_高祖本纪.tagged.md	1247	父兄	[81.7] 〖=沛〗	父兄	诸母故人日乐饮极驩，道旧故为笑乐。	kin_relation
008_高祖本纪.tagged.md	1253	父兄	> "吾人众多，	父兄	不能给。"	kin_relation
008_高祖本纪.tagged.md	1261	父兄	[81.13] 〖=沛〗	父兄	皆顿首曰：	kin_relation
008_高祖本纪.tagged.md	1269	父兄	[81.15] 〖=沛〗	父兄	固请，乃并复〖=丰〗，比〖=沛〗。	kin_relation
008_高祖本纪.tagged.md	1309	布衣	> "吾以	布衣	提〖^三尺〗〖*剑〗取〔天下〕，此非〔天	social_roles
008_高祖本纪.tagged.md	1390	豪杰	啸命	豪杰	，奋发材雄。	moral_type
009_吕太后本纪.tagged.md	268	王侯	"诸〖&吕〗用事兮〖&刘氏〗危，迫胁	王侯	兮彊授我妃。我妃既妒兮诬我以恶，谗女乱国	ruler_subject
009_吕太后本纪.tagged.md	268	忠臣	既妒兮诬我以恶，谗女乱国兮上曾不寤。我无	忠臣	兮何故弃国？自决中野兮〖!苍天〗举直！于	minister_type
009_吕太后本纪.tagged.md	307	妇人	[27.6] 〖#太后〗闻之，以为王用	妇人	弃〖^宗庙〗礼，废其嗣。	social_roles
009_吕太后本纪.tagged.md	345	王者	已定〔天下〕，与大臣约，曰'非〖&刘氏〗	王者	，〔天下〕共击之'。今〖&吕氏〗王，大臣	ruler_subject
009_吕太后本纪.tagged.md	347	侯王	3] 〖%辛巳〗，〖@高后〗崩，遗诏赐诸	侯王	各〖*千金〗，〖#将相〗〖#列侯〗郎吏皆	ruler_subject
009_吕太后本纪.tagged.md	375	侯王	[36.1] 〖;齐王〗乃遗诸	侯王	书曰：	ruler_subject
009_吕太后本纪.tagged.md	378	忠臣	三赵王，灭梁、赵、燕以王诸吕，分齐为四。	忠臣	进谏，上惑乱弗听。今〗高后〖@崩，而帝春	minister_type
009_吕太后本纪.tagged.md	378	忠臣	。而诸吕又擅自尊官，聚兵严威，劫〗列侯@	忠臣	，矫制以令〔天下〕，〖^宗庙〗所以危。寡	minister_type
009_吕太后本纪.tagged.md	378	寡人	臣，矫制以令〔天下〕，〖^宗庙〗所以危。	寡人	率兵入诛不当为王者。"	social_roles
009_吕太后本纪.tagged.md	378	王者	〕，〖^宗庙〗所以危。寡人率兵入诛不当为	王者	。"	ruler_subject
010_孝文本纪.tagged.md	32	豪桀	"群臣之议皆非也。夫〖'秦〗失其政，诸侯	豪桀	并起，人人自以为得之者以〖%万数〗，然卒	moral_type
010_孝文本纪.tagged.md	47	寡人	> "	寡人	固已为王矣，又何王？"	social_roles
010_孝文本纪.tagged.md	85	王者	> "所言公，公言之。所言私，	王者	不受私。"	ruler_subject
010_孝文本纪.tagged.md	105	寡人	> "奉〖;高帝〗〖^宗庙〗，重事也。	寡人	不佞，不足以称〖^宗庙〗。原请〖;楚王〗	social_roles
010_孝文本纪.tagged.md	105	寡人	足以称〖^宗庙〗。原请〖;楚王〗计宜者，	寡人	不敢当。"	social_roles
010_孝文本纪.tagged.md	117	寡人	> "宗室〖#将相〗王〖#列侯〗以为莫宜	寡人	，寡人不敢辞。"	social_roles
010_孝文本纪.tagged.md	117	寡人	宗室〖#将相〗王〖#列侯〗以为莫宜寡人，	寡人	不敢辞。"	social_roles
010_孝文本纪.tagged.md	202	侯王	南王〗，弟也，秉德以陪朕。岂为不豫哉！诸	侯王	宗室昆弟有〖#功臣〗，多贤及有德义者，若	ruler_subject
010_孝文本纪.tagged.md	208	侯王	平〔天下〕，建诸侯，为帝者〖;太祖〗。诸	侯王	及〖#列侯〗始受国者皆亦为其国祖。子孙继	ruler_subject
010_孝文本纪.tagged.md	274	人主	"朕闻之，天生蒸民，为之置君以养治之。	人主	不德，布政不均，则天示之以菑，以诫不治。	ruler_subject
010_孝文本纪.tagged.md	285	侯王	〖%三月〗，〖;有司〗请立〖#皇子〗为诸	侯王	。	ruler_subject
010_孝文本纪.tagged.md	487	人主	1] 〖%十七年〗，得〖*玉杯〗，刻曰"	人主	延寿"。	ruler_subject
010_孝文本纪.tagged.md	527	先帝	> "百〖*金〗中民十家之产，吾奉	先帝	〖^宫室〗，常恐羞之，何以台为！"	ruler_subject
010_孝文本纪.tagged.md	556	先帝	安宁，靡有兵革。朕既不敏，常畏过行，以羞	先帝	之遗德；维年之久长，惧于不终。今乃幸以天	ruler_subject
010_孝文本纪.tagged.md	582	侯王	宜各为〖;孝文皇帝〗立〖^太宗之庙〗。诸	侯王	〖#列侯〗使者侍祠〖#天子〗，岁献祖宗之	ruler_subject
011_孝景本纪.tagged.md	273	侯王	[27.1] 遗诏赐诸	侯王	以下至民为父後爵一级，〔天下〕户百钱。	ruler_subject
012_孝武本纪.tagged.md	461	人主	> "〚仙者〛非有求	人主	，人主求之。其道非少宽假，神不来。言神事	ruler_subject
012_孝武本纪.tagged.md	461	人主	> "〚仙者〛非有求人主，	人主	求之。其道非少宽假，神不来。言神事，事如	ruler_subject
013_三代世表.tagged.md	88	布衣	[7.5] "人不知，以为氾从	布衣	匹夫起耳。夫布衣匹夫安能无故而起王〔天下	social_roles
013_三代世表.tagged.md	88	布衣	5] "人不知，以为氾从布衣匹夫起耳。夫	布衣	匹夫安能无故而起王〔天下〕乎？其有〔天命	social_roles
013_三代世表.tagged.md	88	匹夫	[7.5] "人不知，以为氾从布衣	匹夫	起耳。夫布衣匹夫安能无故而起王〔天下〕乎	social_roles
013_三代世表.tagged.md	88	匹夫	 "人不知，以为氾从布衣匹夫起耳。夫布衣	匹夫	安能无故而起王〔天下〕乎？其有〔天命〕然	social_roles
013_三代世表.tagged.md	102	王者	.5] "行〖^道德〗岂可以忽乎哉！人君	王者	举而观之。"	ruler_subject
014_十二诸侯年表.tagged.md	302	妇人	怒，归去。  |  八使〖@郤克〗使齐，	妇人	笑之，克怒归。  |  十二  |  二	social_roles
014_十二诸侯年表.tagged.md	355	幸臣	冬，如楚。  |  六公欲杀〖#公卿〗立	幸臣	，〖#公卿〗诛幸臣，公恐，出奔齐。  |	minister_type
014_十二诸侯年表.tagged.md	355	幸臣	 六公欲杀〖#公卿〗立幸臣，〖#公卿〗诛	幸臣	，公恐，出奔齐。  |  九  |	minister_type
015_六国年表.tagged.md	121	君主	  |  九  |  八。城堑河濒。初以	君主	妻河。  |  八。复城〖=少梁〗。  	ruler_subject
015_六国年表.tagged.md	216	丈夫	 十三。秦取〖=曲沃〗。〖=平周〗女化为	丈夫	。  |  十一  |  四。与韩会〖=	social_roles
015_六国年表.tagged.md	329	庶人	至戏，〖@章邯〗击却之。出〖@卫君〗角为	庶人	。  |    |    |    | 	social_roles
016_秦楚之际月表.tagged.md	20	豪桀	也，於是无尺土之封，堕坏名城，销锋镝，鉏	豪桀	，维〖%万世〗之安。	moral_type
017_汉兴以来诸侯王年表.tagged.md	1	侯王	# [0] 汉兴以来诸	侯王	年表	ruler_subject
017_汉兴以来诸侯王年表.tagged.md	23	王者	2.2] 〖@高祖〗末年，非〖&刘氏〗而	王者	，若无功上所不置而侯者，〔天下〕共诛之。	ruler_subject
017_汉兴以来诸侯王年表.tagged.md	25	子弟	[2.3] 〖@高祖〗	子弟	同姓为王者九国，虽独〖'长沙〗异姓，而〖	kin_relation
017_汉兴以来诸侯王年表.tagged.md	25	王者	[2.3] 〖@高祖〗子弟同姓为	王者	九国，虽独〖'长沙〗异姓，而〖#功臣〗侯	ruler_subject
017_汉兴以来诸侯王年表.tagged.md	41	子弟	观於上古，然後加惠，使诸侯得〖^推恩〗分	子弟	国邑，故〖'齐〗分为七，〖'赵〗分为六，	kin_relation
017_汉兴以来诸侯王年表.tagged.md	41	庶子	〗分为五，〖'淮南〗分三，及〖#天子〗支	庶子	为王，〖;王子〗支庶为侯，〖%百有馀〗焉	kin_relation
018_高祖功臣侯者年表.tagged.md	66	嗣子	氏〗。  |  二。〖%三年〗，侯缠卒。	嗣子	睢有罪，国除。  |    |    |	kin_relation
018_高祖功臣侯者年表.tagged.md	83	嗣子	八  |  十六。后〖%元年〗，侯武薨。	嗣子	奇反，不得置后，国除。  |    | 	kin_relation
018_高祖功臣侯者年表.tagged.md	101	庶人	 二。〖%三年〗，侯越坐匿【死罪】，免为	庶人	，国除。  |    |    |   	social_roles
018_高祖功臣侯者年表.tagged.md	182	侯王	。十〖%二年〗〖%十二月〗〖%丁亥〗，圉	侯王	周〖%元年〗。  |  七  |  二。	ruler_subject
019_惠景间侯者年表.tagged.md	8	王者	[1.2] 〖'长沙〗	王者	，着〖^令甲〗，称其忠焉。	ruler_subject
019_惠景间侯者年表.tagged.md	10	王者	高祖〗定〔天下〕，〖#功臣〗非同姓疆土而	王者	八国。	ruler_subject
020_建元以来侯者年表.tagged.md	33	庶人	骑将军〗期，后，畏懦，【当斩】，【赎为】	庶人	，国除。  |    |    |   	social_roles
020_建元以来侯者年表.tagged.md	98	幼主	〗谋反者马何罗等功侯，三〖%千户〗。中辅	幼主	〖@昭帝〗，为〖;大将军〗。谨信，用事擅	ruler_subject
020_建元以来侯者年表.tagged.md	104	庶人	人所上书言，【系狱】【当死】，会赦，出为	庶人	，国除。  |    |    |   	social_roles
020_建元以来侯者年表.tagged.md	109	庶人	父恽故出恶言，【系狱】【当死】，得免，为	庶人	，国除。  |    |    |   	social_roles
020_建元以来侯者年表.tagged.md	110	人主	〗扶持乃能行。然〖;公卿大臣〗议，以为为	人主	师，当以为相。以元平〖%元年〗代杨敞为〖	ruler_subject
020_建元以来侯者年表.tagged.md	115	侯王	〖;光禄大夫〗，秩〖;中二千石〗。坐受诸	侯王	〖*金钱〗财。漏泄中事，诛死，国除。  	ruler_subject
020_建元以来侯者年表.tagged.md	123	妇人	@成王〗孙，嫉妒，绞杀侍婢四十余人，盗断	妇人	初产子臂膝以为媚道。为人所上书言，论〖^	social_roles
021_建元已来王子侯者年表.tagged.md	7	子弟	> "诸侯王或欲推私恩分	子弟	邑者，令各条上，朕且临定其号名。"	kin_relation
021_建元已来王子侯者年表.tagged.md	7	侯王	> "诸	侯王	或欲推私恩分子弟邑者，令各条上，朕且临定	ruler_subject
022_汉兴以来将相名臣年表.tagged.md	1	名臣	# [0] 汉兴以来将相	名臣	年表	minister_type
022_汉兴以来将相名臣年表.tagged.md	6	名臣	@太史公〗曰：〖'汉〗兴以来，〖#将相〗	名臣	，〖#功臣〗侯表载之矣。	minister_type
022_汉兴以来将相名臣年表.tagged.md	49	侯王	r37] 170  |  十  |  诸	侯王	皆至〖=长安〗。  |  七  |   	ruler_subject
022_汉兴以来将相名臣年表.tagged.md	193	侯王	卯〗，史丹为〖;左将军〗，〖;太仆〗平安	侯王	章为〖;右将军〗。  |    |	ruler_subject
022_汉兴以来将相名臣年表.tagged.md	198	侯王	〖%乙丑〗，〖;右将军〗〖;光禄勋〗平安	侯王	章卒。  |  〖%闰月〗〖%壬戌〗，永	ruler_subject
022_汉兴以来将相名臣年表.tagged.md	205	名臣	编次〖#将相〗	名臣	，年表颇详。	minister_type
023_礼书.tagged.md	181	王者	[19.1] 故	王者	天〖;太祖〗，诸侯不敢怀，〖;大夫〗〖;	ruler_subject
024_乐书.tagged.md	93	王者	> "凡	王者	作〖^乐〗，上以承祖宗，下以化兆民。今陛	ruler_subject
024_乐书.tagged.md	93	先帝	陛下得〘马〙，诗以为歌，协於〖^宗庙〗，	先帝	百姓岂能知其音邪？"	ruler_subject
024_乐书.tagged.md	191	寡人	> "	寡人	老矣，所好者音也，原遂闻之。"	social_roles
025_律书.tagged.md	7	王者	[1.1] 	王者	制事立法，物度轨则，壹禀於〖^六律〗，〖	ruler_subject
025_律书.tagged.md	80	先帝	器，虽克所原，动亦秏病，谓百姓远方何？又	先帝	知劳民不可烦，故不以为意。朕岂自谓能？今	ruler_subject
026_历书.tagged.md	29	王者	[1.2.1] 	王者	易姓受命，必慎始初，改〖^正朔〗，易〖^	ruler_subject
026_历书.tagged.md	65	王者	[2.1.13] 由是观之，	王者	所重也。	ruler_subject
026_历书.tagged.md	79	子弟	〗〖;执政〗，史不记时，君不告朔，故畴人	子弟	分散，或在〖~诸夏〗，或在〖~夷狄〗，是	kin_relation
027_天官书.tagged.md	27	王者	守〖!角〗，则有战。〖!房〗、〖!心〗，	王者	恶之也。	ruler_subject
027_天官书.tagged.md	93	人主	，国有德厚。其角动，乍小乍大，若色数变，	人主	有忧。	ruler_subject
027_天官书.tagged.md	101	丈夫	还至，虽大当小；久而至，当小反大。其南为	丈夫	，北为女子丧。若角动绕环之，及乍前乍後，	social_roles
027_天官书.tagged.md	137	侯王	。日方南金居其南，日方北金居其北，曰赢，	侯王	不宁，用兵进吉退凶。日方南金居其北，日方	ruler_subject
027_天官书.tagged.md	137	侯王	。日方南金居其北，日方北金居其南，曰缩，	侯王	有忧，用兵退吉进凶。用兵象〖!太白〗：〖	ruler_subject
027_天官书.tagged.md	167	侯王	抱为和，背不和，为分离相去。直为自立，立	侯王	；杀将。负且戴，有喜。围在中，中胜；在外	ruler_subject
027_天官书.tagged.md	211	王者	 〖!蚩尤之旗〗，类彗而後曲，象旗。见则	王者	征伐四方。	ruler_subject
027_天官书.tagged.md	233	人主	@王朔〗所候，决於日旁。日旁〖!云气〗，	人主	象。皆如其形以占。	ruler_subject
027_天官书.tagged.md	247	王者	，发〖^阳气〗，故曰初岁。〖%正月〗旦，	王者	岁首；〖%立春〗日，〖%四时〗之始也。四	ruler_subject
028_封禅书.tagged.md	115	人主	者。"已视之，果有献〖*玉杯〗者，刻曰"	人主	延寿"。〖@平〗又言"臣候日再中"。居顷	ruler_subject
028_封禅书.tagged.md	177	人主	五利〗乎？"〖@卿〗曰："〚仙者〛非有求	人主	，人主者求之。其道非少宽假，神不来。言神	ruler_subject
028_封禅书.tagged.md	177	人主	乎？"〖@卿〗曰："〚仙者〛非有求人主，	人主	者求之。其道非少宽假，神不来。言神事，事	ruler_subject
030_平准书.tagged.md	5	丈夫	[1] 汉兴，接秦之弊，	丈夫	从军旅，老弱转粮饟，作业剧而财匮，自〖#	social_roles
030_平准书.tagged.md	13	王者	逆。〖@邓通〗，〖;大夫〗也，以铸钱财过	王者	。故〖=吴〗、〖@邓氏〗钱布〔天下〕，而	ruler_subject
030_平准书.tagged.md	65	王侯	方尺，缘以藻缋，为〖^皮币〗，直四十万。	王侯	宗室〈朝觐〉聘享，必以〖^皮币〗荐璧，然	ruler_subject
030_平准书.tagged.md	101	长者	尤欲输之助费。〖#天子〗於是以〖@式〗终	长者	，故尊显以风百姓。	social_roles
030_平准书.tagged.md	105	布衣	林〗中，欲令子牧之。"〖@式〗乃拜为郎，	布衣	屩而牧羊。〖%岁馀〗，羊肥息。上过见其羊	social_roles
030_平准书.tagged.md	153	子弟	[37] 〖@所忠〗言："〖^世家〗	子弟	富人或斗鸡走狗马，弋猎博戏，乱齐民。"乃	kin_relation
030_平准书.tagged.md	198	庶人	贵诈力而贱〖^仁义〗，先富有而後推让。故	庶人	之富者或累巨万，而贫者或不厌糟糠；有国彊	social_roles
030_平准书.tagged.md	208	长者	〖@弘羊〗心计，〖@卜式〗	长者	。	social_roles
031_吴太伯世家.tagged.md	219	父兄	公子光〗者，〖@王诸樊〗之子也。常以为吾	父兄	弟四人，当传至〖@季子〗。〖@季子〗即不	kin_relation
031_吴太伯世家.tagged.md	235	父兄	> "〖@胥〗之	父兄	为僇於〖'楚〗，欲自报其仇耳。未见其利。	kin_relation
031_吴太伯世家.tagged.md	237	勇士	] 於是〖@伍员〗知〖@光〗有他志，乃求	勇士	〖@专诸〗，见之〖@光〗。〖@光〗喜，乃	scholar_warrior
032_齐太公世家.tagged.md	7	庶人	时，〖=申〗、〖=吕〗或封枝庶子孙，或为	庶人	，〖@尚〗其後苗裔也。本姓〖&姜氏〗，从	social_roles
032_齐太公世家.tagged.md	7	庶子	〖'夏商〗之时，〖=申〗、〖=吕〗或封枝	庶子	孙，或为庶人，〖@尚〗其後苗裔也。本姓〖	kin_relation
032_齐太公世家.tagged.md	65	妇人	桓公〗，通其〖#夫人〗，杀诛数不当，淫於	妇人	，数欺〖#大臣〗，群弟恐祸及，故次弟〖@	social_roles
032_齐太公世家.tagged.md	85	寡人	来问。"〖;楚王〗曰："贡之不入，有之，	寡人	罪也，敢不共乎！〖@昭王〗之出不复，君其	social_roles
032_齐太公世家.tagged.md	89	寡人	故诸侯宾会。於是〖@桓公〗〖@称〗曰："	寡人	南伐至〖=召陵〗，望〖*熊山〗；北伐〖~	social_roles
032_齐太公世家.tagged.md	89	寡人	〖=太行〗，至〖=卑耳山〗而还。诸侯莫违	寡人	。寡人〖*兵车〗之会三，〖*乘车〗之会六	social_roles
032_齐太公世家.tagged.md	89	寡人	行〗，至〖=卑耳山〗而还。诸侯莫违寡人。	寡人	〖*兵车〗之会三，〖*乘车〗之会六，九合	social_roles
032_齐太公世家.tagged.md	145	忠臣	@庆封〗欲杀〖@晏子〗，〖@崔杼〗曰："	忠臣	也，舍之。"〖=齐〗〖;太史〗〖@书〗曰	minister_type
032_齐太公世家.tagged.md	153	寡人	〖!彗星〗出〖=东北〗，当〖=齐〗分野，	寡人	以为忧。"〖@晏子〗曰："君〖^高台深池	social_roles
033_鲁周公世家.tagged.md	68	庶子	.4] 〖%四十六年〗,〖;惠公〗卒,长	庶子	〖@息〗摄当国,行〖;君〗〖@事〗,是为	kin_relation
033_鲁周公世家.tagged.md	172	布衣	内〖;昭公〗,召〖@季平子〗。〖@平子〗	布衣	跣行,因〖^六卿〗谢罪。〖^六卿〗为言曰	social_roles
037_卫康叔世家.tagged.md	128	寡人	〖%元年〗即位，欲尽诛〖#大臣〗，曰："	寡人	居外久矣，子亦尝闻之乎？"群臣欲作乱，乃	social_roles
037_卫康叔世家.tagged.md	156	庶人	〖%二十一年〗，〖@二世〗废〖;君角〗为	庶人	，〖'卫〗绝祀。	social_roles
038_宋微子世家.tagged.md	50	庶人	则有大疑，谋及女心，谋及〖;卿士〗，谋及	庶人	，谋及〖*卜筮〗。女则从，〖*龟〗从，〖	social_roles
038_宋微子世家.tagged.md	62	妇人	，〖@箕子〗伤之，欲哭则不可，欲泣为其近	妇人	，乃作〖^麦秀之诗〗以歌咏之。其诗曰："	social_roles
038_宋微子世家.tagged.md	100	妇人	。〖'宋〗人请以赂〖'陈〗。〖'陈〗人使	妇人	饮之醇酒，以〖*革〗裹之，归〖'宋〗。〖	social_roles
038_宋微子世家.tagged.md	170	妇人	囊〗，县而射之，命曰"射〚天〛"。淫於酒	妇人	。群〖;臣〗谏者辄射之。於是诸侯皆曰"桀	social_roles
039_晋世家.tagged.md	162	壮士	@虢射〗为右，辂〖@秦缪公〗。〖@缪公〗	壮士	冒败〖'晋〗军，〖'晋〗军败，遂失〖@秦	scholar_warrior
039_晋世家.tagged.md	184	壮士	畏〖@重耳〗，乃使〖#宦者〗〖@履鞮〗与	壮士	欲杀〖@重耳〗。〖@重耳〗闻之，乃谋〖@	scholar_warrior
039_晋世家.tagged.md	204	寡人	〗甚卑。〖@成王〗曰："子即反国，何以报	寡人	？"〖@重耳〗曰："羽毛齿角玉帛，君王所	social_roles
039_晋世家.tagged.md	306	妇人	蹯〗不熟，〖@灵公〗怒，杀〖;宰夫〗，使	妇人	持其尸出弃之，过朝。〖@赵盾〗、〖@随会	social_roles
039_晋世家.tagged.md	306	忠臣	闺门开，居处节，〖@鉏麑〗退，叹曰："杀	忠臣	，弃君命，罪一也。"遂触树而死。	minister_type
039_晋世家.tagged.md	396	寡人	及公。"公曰："〖%一旦〗杀三〖;卿〗，	寡人	不忍益也。"对曰："人将忍君。"公弗听，	social_roles
039_晋世家.tagged.md	406	寡人	父、父皆不得立而辟难於〖'周〗，客死焉。	寡人	自以疏远，毋几为君。今〖;大夫〗不忘〖@	social_roles
039_晋世家.tagged.md	496	妇人	魏文侯〗初立。〖%十八年〗，〖@幽公〗淫	妇人	，夜窃出邑中，盗杀〖@幽公〗。〖@魏文侯	social_roles
040_楚世家.tagged.md	294	王者	故？"〖@陈轸〗对曰："〖'秦〗之所为重	王者	，以王之有〖'齐〗也。今地未可得而〖'齐	ruler_subject
040_楚世家.tagged.md	298	勇士	"〖@仪〗以吾绝〖'齐〗为尚薄邪？"乃使	勇士	〖@宋遗〗北辱〖;齐王〗。〖;齐王〗大怒	scholar_warrior
040_楚世家.tagged.md	312	寡人	事〖'秦〗，则〖'楚〗为郡县矣。王何不与	寡人	并力收〖'韩〗、〖'魏〗、〖'燕〗、〖'	social_roles
040_楚世家.tagged.md	324	寡人	八城。〖@秦昭王〗遗〖;楚王〗书曰："始	寡人	与王约为弟兄，盟于〖=黄棘〗，太子为质，	social_roles
040_楚世家.tagged.md	324	寡人	于〖=黄棘〗，太子为质，至驩也。太子陵杀	寡人	之重臣，不谢而亡去，寡人诚不胜怒，使兵侵	social_roles
040_楚世家.tagged.md	324	寡人	至驩也。太子陵杀寡人之重臣，不谢而亡去，	寡人	诚不胜怒，使兵侵君王之边。今闻君王乃令太	social_roles
040_楚世家.tagged.md	324	重臣	黄棘〗，太子为质，至驩也。太子陵杀寡人之	重臣	，不谢而亡去，寡人诚不胜怒，使兵侵君王之	minister_type
040_楚世家.tagged.md	324	寡人	边。今闻君王乃令太子质於〖'齐〗以求平。	寡人	与〖'楚〗接境壤界，故为婚姻，所从相亲久	social_roles
040_楚世家.tagged.md	324	寡人	而今〖'秦〗〖'楚〗不驩，则无以令诸侯。	寡人	原与君王会〖=武关〗，面相约，结盟而去，	social_roles
040_楚世家.tagged.md	324	寡人	原与君王会〖=武关〗，面相约，结盟而去，	寡人	之原也。敢以闻下执事。"〖@楚怀王〗见〖	social_roles
040_楚世家.tagged.md	328	庶子	"王与太子俱困於诸侯，而今又倍王命而立其	庶子	，不宜。"乃诈赴於〖'齐〗，〖@齐湣王〗	kin_relation
040_楚世家.tagged.md	348	匹夫	为〖'秦〗所欺而客死於外，怨莫大焉。今以	匹夫	有怨，尚有报万乘，〖@白公〗、〖@子胥〗	social_roles
041_越王句践世家.tagged.md	7	庶子	〚禹〛之苗裔，而〖'夏后〗帝〖;少康〗之	庶子	也。	kin_relation
041_越王句践世家.tagged.md	113	良臣	悔之。〖@句践〗贤君，〖@种〗、〖@蠡〗	良臣	，若反国，将为乱。"	minister_type
041_越王句践世家.tagged.md	137	宾客	织，食不加肉，衣不重采，折节下贤人，厚遇	宾客	，振贫吊死，与百姓同其劳。	guest_retainer
041_越王句践世家.tagged.md	139	贤臣	### 任用	贤臣		minister_type
041_越王句践世家.tagged.md	199	寡人	> "〖@伍员〗果欺	寡人	！"	social_roles
041_越王句践世家.tagged.md	307	寡人	> "子教	寡人	伐〖'吴〗七术，寡人用其三而败〖'吴〗，	social_roles
041_越王句践世家.tagged.md	307	寡人	> "子教寡人伐〖'吴〗七术，	寡人	用其三而败〖'吴〗，其四在子，子为我从〖	social_roles
041_越王句践世家.tagged.md	397	布衣	家则致〖*千金〗，居官则至〖#卿相〗，此	布衣	之极也。久受尊名，不祥。"	social_roles
041_越王句践世家.tagged.md	485	寡人	> "生休矣，	寡人	〖;将行〗之。"	social_roles
041_越王句践世家.tagged.md	525	寡人	> "	寡人	虽不德耳，柰何以〖@硃公〗之子故而施惠乎	social_roles
041_越王句践世家.tagged.md	535	长者	日〗吾所为欲遣少子，固为其能弃财故也。而	长者	不能，故卒以杀其弟，事之理也，无足悲者。	social_roles
042_郑世家.tagged.md	227	妇人	> "谋及	妇人	，死固宜哉！"	social_roles
042_郑世家.tagged.md	543	壮士	[28.3] 乃求	壮士	得〖'霍〗人〖@解扬〗，字〖@子虎〗，诓	scholar_warrior
043_赵世家.tagged.md	78	贤臣	## [10] 赵简子的	贤臣		minister_type
043_赵世家.tagged.md	122	寡人	〖;烈侯〗好音，谓〖;相国公仲连〗曰："	寡人	有爱，可以贵之乎？"〖@公仲〗曰："富之	social_roles
043_赵世家.tagged.md	182	寡人	〗、〖@韩〗之边，今无〖^骑射〗之备。故	寡人	无〖*舟楫〗之用，夹水居之民，将何以守〖	social_roles
043_赵世家.tagged.md	206	忠臣	吾言，安得全吾身！且夫贞臣也难至而节见，	忠臣	也累至而行明。子则有赐而忠我矣，虽然，吾	minister_type
043_赵世家.tagged.md	230	王者	，宜为上佼，而今乃抵罪，臣恐〔天下〕後事	王者	之不敢自必也。原王孰计之也。	ruler_subject
043_赵世家.tagged.md	256	人主	[30.2] 〖@子义〗闻之，曰："	人主	之子，骨肉之亲也，犹不能持无功之尊，无劳	ruler_subject
044_魏世家.tagged.md	8	庶人	〖=毕〗，於是为〖@毕〗姓。其後绝封，为	庶人	，或在〖=中国〗，或在〖~夷狄〗。其苗裔	social_roles
044_魏世家.tagged.md	54	寡人	〖@克〗哉！"〖;文侯〗曰："先生就舍，	寡人	之相定矣。"〖@李克〗趋而出，过〖@翟璜	social_roles
044_魏世家.tagged.md	106	庶人	君欲利则〖;大夫〗欲利，〖;大夫〗欲利则	庶人	欲利，上下争利，国则危矣。为人君，〖^仁	social_roles
044_魏世家.tagged.md	118	丈夫	〖@张仪〗相〖@魏〗。〖@魏〗有女子化为	丈夫	。〖'秦〗取我〖=曲沃〗、〖=平周〗。	social_roles
044_魏世家.tagged.md	158	寡人	彊〖@韩〗、〖@魏〗以攻〖'秦〗，犹无柰	寡人	何也。今以无能之〖@如耳〗、〖@魏齐〗而	social_roles
044_魏世家.tagged.md	158	寡人	弱〖@韩〗、〖@魏〗以伐〖'秦〗，其无柰	寡人	何亦明矣。"左右皆曰："甚然。"〖;中旗	social_roles
044_魏世家.tagged.md	162	寡人	远至此，甚苦矣！夫〖@魏〗之来求救数矣，	寡人	知〖@魏〗之急已。"〖@唐雎〗对曰："大	social_roles
045_韩世家.tagged.md	88	质子	'齐〗，是〖'齐〗孤也。公又为〖'秦〗求	质子	於〖'楚〗，〖'楚〗不听，怨结於〖@韩〗	kin_relation
046_田敬仲完世家.tagged.md	56	宾客	〗〖%七尺〗以上为後宫，後宫以百数，而使	宾客	〖;舍人〗出入後宫者不禁。及〖;田常〗卒	guest_retainer
046_田敬仲完世家.tagged.md	70	妇人	立。〖;贷〗立〖%十四年〗，淫於〖*酒〗	妇人	，不听政。〖;太公〗乃迁〖;康公〗於〖=	social_roles
046_田敬仲完世家.tagged.md	98	寡人	;威王〗曰："无有。"〖;梁王〗曰："若	寡人	国小也，尚有径寸之〖*珠〗照〖*车〗前後	social_roles
046_田敬仲完世家.tagged.md	98	寡人	何以万乘之国而无宝乎？"〖;威王〗曰："	寡人	之所以为宝与王异。吾臣有〖@檀子〗者，使	social_roles
046_田敬仲完世家.tagged.md	166	宾客	相〖'齐〗，多受〖'秦〗间〖*金〗，多使	宾客	入〖'秦〗，〖'秦〗又多予〖*金〗，客皆	guest_retainer
046_田敬仲完世家.tagged.md	166	宾客	〗不蚤与诸侯〖^合从〗攻〖'秦〗，听奸臣	宾客	以亡其国，歌之曰："〘松〙耶〘柏〙耶？住	guest_retainer
046_田敬仲完世家.tagged.md	166	奸臣	王建〗不蚤与诸侯〖^合从〗攻〖'秦〗，听	奸臣	宾客以亡其国，歌之曰："〘松〙耶〘柏〙耶	minister_type
047_孔子世家.tagged.md	42	王者	为〚神〛，〖^社稷〗为〖;公侯〗，皆属於	王者	。"客曰："〚防风〛何守？"〖;仲尼〗曰	ruler_subject
047_孔子世家.tagged.md	42	长者	曰："〖~僬侥氏〗〖^三尺〗，短之至也。	长者	不过十之，数之极也。"於是〖'吴〗客曰：	social_roles
047_孔子世家.tagged.md	56	匹夫	趋而进，历〖*阶〗而登，不尽一等，曰："	匹夫	而营惑诸侯者罪当诛！请命〖;有司〗！"〖	social_roles
047_孔子世家.tagged.md	56	寡人	子〕之道辅其君，而子独以〖~夷狄〗之道教	寡人	，使得罪於〖'鲁〗君，为之柰何？"〖;有	social_roles
047_孔子世家.tagged.md	98	妇人	可乎？"〖@孔子〗曰："其男子有死之志，	妇人	有保〖=西河〗之志。吾所伐者不过四五人。	social_roles
047_孔子世家.tagged.md	198	童子	 是日哭，则不歌。见〖*齐衰〗、瞽者，虽	童子	必变。	moral_type
047_孔子世家.tagged.md	214	王者	河阳〗"：推此类以绳当世。贬损之义，後有	王者	举而开之。〖^春秋〗之义行，则〔天下〕乱	ruler_subject
047_孔子世家.tagged.md	249	布衣	贤人众矣，当时则荣，没则已焉。〖@孔子〗	布衣	，传〖%十馀世〗，学者宗之。自〖#天子〗	social_roles
047_孔子世家.tagged.md	249	王侯	，传〖%十馀世〗，学者宗之。自〖#天子〗	王侯	，〖=中国〗言〖^六艺〗者折中於夫子，可	ruler_subject
048_陈涉世家.tagged.md	20	豪杰	阳〗，〖;吴叔〗弗能下。〖;陈王〗徵国之	豪杰	与计，以〖=上蔡〗人〖;房君蔡赐〗为〖;	moral_type
048_陈涉世家.tagged.md	32	豪杰	[6.1] 〖'燕〗故〖#贵人〗	豪杰	谓〖@韩广〗曰："〖'楚〗已立王，〖@赵	moral_type
049_外戚世家.tagged.md	44	长者	宾客，又复效〖@吕〗氏大事也。"於是乃选	长者	士之有节行者与居。〖;窦长君〗、〖;少君	social_roles
049_外戚世家.tagged.md	84	妇人	，恚，几死者数矣。上愈怒。〖;陈皇后〗挟	妇人	媚道，其事颇觉，於是废〖;陈皇后〗，而立	social_roles
049_外戚世家.tagged.md	102	王侯	〖;尹婕妤〗之属，更有宠。然皆以倡见，非	王侯	有土之士女，不可以配人〖@主〗也。	ruler_subject
049_外戚世家.tagged.md	106	侯王	人，女一人。男号为〖;脩成子仲〗，女为诸	侯王	王后。此二子非〖&刘氏〗，以故〖#太后〗	ruler_subject
049_外戚世家.tagged.md	114	丈夫	[16.3] 〖;褚先生〗曰：	丈夫	〚龙〛变。传曰："〘蛇〙化为〚龙〛，不变	social_roles
049_外戚世家.tagged.md	114	丈夫	〚龙〛，不变其文；家化为国，不变其姓。"	丈夫	当时〔富贵〕，百恶灭除，光耀荣华，〔贫贱	social_roles
050_楚元王世家.tagged.md	10	宾客	〗蚤卒。始〖@高祖〗微时，尝辟事，时时与	宾客	过〖;巨嫂〗食。〖;嫂〗厌叔，叔与客来，	guest_retainer
050_楚元王世家.tagged.md	10	宾客	来，〖;嫂〗详为〖*羹〗尽，栎〖*釜〗，	宾客	以故去。已而视〖*釜〗中尚有〖*羹〗，〖	guest_retainer
050_楚元王世家.tagged.md	10	长者	，〖@高祖〗曰："某非忘封之也，为其母不	长者	耳。"於是乃封其子〖@信〗为〖;羹颉侯〗	social_roles
052_齐悼惠王世家.tagged.md	39	忠臣	今诸吕又擅自尊官，聚兵严威，劫〖#列侯〗	忠臣	，矫制以〖^令〗〔天下〕，〖^宗庙〗所以	minister_type
052_齐悼惠王世家.tagged.md	39	寡人	以〖^令〗〔天下〕，〖^宗庙〗所以危。今	寡人	率兵入诛不当为〖;王〗者。”	social_roles
052_齐悼惠王世家.tagged.md	130	子弟	以海内初定，	子弟	少，激〖'秦〗之无尺土封，故大封同姓，以	kin_relation
054_曹相国世家.tagged.md	33	长者	[12] 择郡国吏木诎於文辞，重厚	长者	，即召除为〖;丞相〗史。吏之言文刻深，欲	social_roles
054_曹相国世家.tagged.md	33	宾客	斥去之。日夜饮醇酒。卿〖;大夫〗已下吏及	宾客	见〖@参〗不事事，来者皆欲有言。至者，〖	guest_retainer
055_留侯世家.tagged.md	17	少年	%十年〗，〖@陈涉〗等起兵，〖@良〗亦聚	少年	〖%百馀人〗。〖@景驹〗自立为〖=楚〗假	moral_type
055_留侯世家.tagged.md	63	辩士	，〖^令〗太子为书，卑辞安〖*车〗，因使	辩士	固请，宜来。来，以为客，时时从入朝，〖^	scholar_warrior
056_陈丞相世家.tagged.md	10	父老	[3] 里中社，平为宰，分肉食甚均。	父老	曰：“善，陈〖@孺子〗之为宰！”平曰：“	kin_relation
056_陈丞相世家.tagged.md	15	少年	〖=临济〗。〖@陈平〗固已前谢其兄伯，从	少年	往事〖=魏〗王咎於〖=临济〗。〖=魏〗王	moral_type
056_陈丞相世家.tagged.md	17	丈夫	间行杖〖*剑〗亡。渡河，〖*船〗人见其美	丈夫	独行，疑其亡将，要中当有金*玉**宝器〖	social_roles
056_陈丞相世家.tagged.md	22	长者	未知其高下，而即与同载，反使监〖;护军〗	长者	！”汉〖;王〗闻之，愈益幸平。遂与东伐项	social_roles
056_陈丞相世家.tagged.md	24	丈夫	、〖@灌婴〗等咸谗〖@陈平〗曰：“平虽美	丈夫	，如冠〖*玉〗耳，其中未必有也。臣闻平居	social_roles
056_陈丞相世家.tagged.md	97	长者	〖=曲逆〗穷巷，门多	长者	。	social_roles
057_绛侯周勃世家.tagged.md	55	壮士	，大破之。〖=吴〗〖@王濞〗弃其军，而与	壮士	〖%数千人〗亡走，保於〖=江南〗〖=丹徒	scholar_warrior
057_绛侯周勃世家.tagged.md	62	先帝	景帝〗让曰：“始〖=南皮〗、章武〖;侯〗	先帝	不〖;侯〗，及臣即位乃〖;侯〗之。信未得	ruler_subject
058_梁孝王世家.tagged.md	23	豪桀	[7] ，入言警。招延四方	豪桀	，自山以东游说之士。莫不毕至，〖=齐〗人	moral_type
058_梁孝王世家.tagged.md	57	庶人	天子〗下吏验问，有之。〖;公〗卿请废襄为	庶人	。〖#天子〗曰：“李太后有淫行，而〖=梁	social_roles
058_梁孝王世家.tagged.md	59	庶人	〖;有司〗请诛，〖#天子〗弗忍诛，废明为	庶人	。迁〖=房陵〗，地入于〖'汉〗为郡。	social_roles
058_梁孝王世家.tagged.md	61	庶人	。〖'汉〗〖;有司〗请诛，上不忍，废以为	庶人	，迁〖=上庸〗，地入于〖'汉〗，为〖=大	social_roles
058_梁孝王世家.tagged.md	78	忠臣	言其不可状，阿意治小，私说意以受赏赐，非	忠臣	也。齐如魏其侯窦婴之正言也，何以有後祸？	minister_type
058_梁孝王世家.tagged.md	81	人主	善。”成王曰：“吾直与戏耳。”周公曰：“	人主	无过举，不当有戏言，言之必行之。”於是乃	ruler_subject
058_梁孝王世家.tagged.md	81	主上	非法不言，非道不行。”此圣人之法言也。今	主上	不宜出好言於梁王。梁王上有太后之重，骄蹇	ruler_subject
058_梁孝王世家.tagged.md	84	侯王	::: 又诸	侯王	〈朝见〉天子，汉法凡当四见耳。始到，入小	ruler_subject
058_梁孝王世家.tagged.md	84	人主	所得入也。今梁王西朝，因留，且半岁。入与	人主	同辇，出与同车。示风以大言而实不与，令出	ruler_subject
058_梁孝王世家.tagged.md	84	侯王	久留。鄙语曰“骄子不孝”，非恶言也。故诸	侯王	当为置良师傅，相忠言之士，如汲黯、韩长孺	ruler_subject
058_梁孝王世家.tagged.md	87	幸臣	？”对曰：“言梁王不知也。造为之者，独其	幸臣	〘羊〙胜、公孙诡之属为之耳。谨以【伏诛】	minister_type
058_梁孝王世家.tagged.md	87	近臣	，不通经术知古今之大礼，可以为三公及左右	近臣	。少见之人，如从管中闚天也。	minister_type
059_五宗世家.tagged.md	19	父老	已上〖*车〗，轴折〖*车〗废。〖=江陵〗	父老	流涕窃言曰：“吾〖;王〗不反矣！”荣至，	kin_relation
059_五宗世家.tagged.md	35	豪桀	匈奴〗，上不许。非好气力，治宫观，招四方	豪桀	，骄奢甚。	moral_type
059_五宗世家.tagged.md	41	妇人	为〖=胶西〗王。端为人贼戾，又阴痿，一近	妇人	，病之〖%数月〗。而有爱幸少年为〖;郎〗	social_roles
059_五宗世家.tagged.md	41	少年	阴痿，一近妇人，病之〖%数月〗。而有爱幸	少年	为〖;郎〗。为〖;郎〗者顷之与後宫乱，端	moral_type
059_五宗世家.tagged.md	83	幸臣	〗卒，子〖=齐〗立为〖;王〗。〖=齐〗有	幸臣	〘桑〙距。已而有罪，欲诛距，距亡，〖;王	minister_type
059_五宗世家.tagged.md	83	幸臣	之後，王〖=齐〗数上书告言汉〖;公〗卿及	幸臣	〖@所忠〗等。	minister_type
060_三王世家.tagged.md	11	子弟	之属，使〖;诸〗侯〖;王〗封君得推私恩分	子弟	户邑，锡号尊建〖%百有馀〗国。而家〖#皇	kin_relation
060_三王世家.tagged.md	17	先帝	'汉〗〖;太祖〗，〖;王〗子孙，广支辅。	先帝	〖^法〗则弗改，所以宣至尊也。臣请〖^令	ruler_subject
060_三王世家.tagged.md	44	子弟	故〖;王〗者壃土建国，封立	子弟	，所以襃亲亲，序骨肉，尊先祖，贵支体，广	kin_relation
060_三王世家.tagged.md	61	先帝	阳有武库敖仓，天下旻戹，汉国之大都也。	先帝	以来，无子王於雒阳者。去雒阳，馀尽可。”	ruler_subject
060_三王世家.tagged.md	64	侯王	::: 所谓“受此土”者，诸	侯王	始封者必受土於天子之社，归立之以为国社，	ruler_subject
060_三王世家.tagged.md	94	庶人	昭以骨肉之亲，不忍致法，宽赦旦妻子，免为	庶人	。传曰“〘兰〙根与白芷，渐之滫中，君子不	social_roles
060_三王世家.tagged.md	94	庶人	曰“〘兰〙根与白芷，渐之滫中，君子不近，	庶人	不服”者，所以渐然也。	social_roles
061_伯夷列传.tagged.md	6	王者	数十年，功用既兴，然後授政。示天下重器，	王者	大统,传天下若斯之难也。而说者曰尧让天下	ruler_subject
061_伯夷列传.tagged.md	23	烈士	疾没世而名不称焉。"贾子曰："贪夫徇财，	烈士	徇名，夸者死权，众庶冯生。""同明相照，	scholar_warrior
063_老子韩非列传.tagged.md	69	人主	然其喉下有逆鳞径尺，人有婴之，则必杀人。	人主	亦有逆鳞，说之者能无婴人主之逆鳞，则几矣	ruler_subject
063_老子韩非列传.tagged.md	69	人主	之，则必杀人。人主亦有逆鳞，说之者能无婴	人主	之逆鳞，则几矣。	ruler_subject
063_老子韩非列传.tagged.md	73	寡人	〗王见〖^孤愤〗、五蠹之书，曰："嗟乎，	寡人	得见此人与之游，死不恨矣！"〖@李斯〗曰	social_roles
065_孙子吴起列传.tagged.md	5	妇人	？"对曰："可。"〖@阖庐〗曰："可试以	妇人	乎？"曰："可。"於是许之，出宫中美女，	social_roles
065_孙子吴起列传.tagged.md	5	妇人	；左，视左手；右，视右手；後，即视背。"	妇人	曰："诺。"约束既布，乃设鈇钺，即三令五	social_roles
065_孙子吴起列传.tagged.md	5	妇人	布，乃设鈇钺，即三令五申之。於是鼓之右，	妇人	大笑。〖@孙子〗曰："约束不明，申令不熟	social_roles
065_孙子吴起列传.tagged.md	5	寡人	上观，见且斩爱姬，大骇。趣使使下令曰："	寡人	已知〖;将军〗能用兵矣。寡人非此二姬，食	social_roles
065_孙子吴起列传.tagged.md	5	寡人	使下令曰："寡人已知〖;将军〗能用兵矣。	寡人	非此二姬，食不甘味，原勿斩也。"〖@孙子	social_roles
066_伍子胥列传.tagged.md	21	父兄	@公子光〗谓〖=吴〗王曰："彼〖@伍胥〗	父兄	为戮於〖=楚〗，而劝王伐〖=楚〗者，欲以	kin_relation
066_伍子胥列传.tagged.md	51	谋臣	〖@得意〗，外倚诸侯，自以为〖#先王〗之	谋臣	，今不见用，常鞅鞅怨望。原王早图之。"〖	minister_type
066_伍子胥列传.tagged.md	69	王者	怨毒之於人甚矣哉！	王者	尚不能行之於臣下，况同列乎！向令〖@伍子	ruler_subject
066_伍子胥列传.tagged.md	69	丈夫	岂尝须臾忘〖=郢〗邪？故隐忍就功名，非烈	丈夫	孰能致此哉？〖@白公〗如不自立为君者，其	social_roles
067_仲尼弟子列传.tagged.md	63	壮士	夫〗，辞〖@孔子〗。〖@孔子〗曰：“蒲多	壮士	，又难治。然吾语汝：恭以敬，可以执勇；宽	scholar_warrior
067_仲尼弟子列传.tagged.md	95	王者	[41] 说曰：“臣闻之，	王者	不绝世，霸者〖;无彊〗敌，〖%千钧〗之重	ruler_subject
067_仲尼弟子列传.tagged.md	95	王者	。夫勇者不避难，仁者不穷约，智者不失时，	王者	不绝世，以立其义。今存〖=越〗示诸侯以仁	ruler_subject
067_仲尼弟子列传.tagged.md	99	寡人	说，以告〖@子贡〗曰：“〖=越〗王欲身从	寡人	伐〖=齐〗，可乎？”〖@子贡〗曰：“不可	social_roles
067_仲尼弟子列传.tagged.md	175	童子	“言尔志。”曰：“春服既成，冠者五六人，	童子	六七人，浴乎沂，风乎舞雩，咏而归。”〖@	moral_type
068_商君列传.tagged.md	5	庶子	将柰〖^社稷〗何？”公叔曰：“座之〖@中	庶子	〗〖@公孙鞅〗，年虽少，有奇才，原王举国	kin_relation
068_商君列传.tagged.md	5	寡人	既去，而谓左右曰：“公叔病甚，悲乎，欲令	寡人	以国听〖@公孙鞅〗也，岂不悖哉！”	social_roles
068_商君列传.tagged.md	29	童子	五羖〗〖;大夫〗死，〖=秦国〗男女流涕，	童子	不歌谣，舂者不相杵。此〖@五羖〗〖;大夫	moral_type
068_商君列传.tagged.md	29	寡人	君又左建外易，非所以为教也。君又南面而称	寡人	，日绳〖=秦〗之贵公子。诗曰：“相鼠有体	social_roles
068_商君列传.tagged.md	29	宾客	之教，畜百姓之怨，〖=秦〗王〖%一旦〗捐	宾客	而不立朝，〖=秦国〗之所以收君者，岂其微	guest_retainer
068_商君列传.tagged.md	29	父兄	鄙，劝〖=秦〗王显岩穴之士，养老存孤，敬	父兄	，序有功，尊有德，可以少安。君尚将贪〖=	kin_relation
069_苏秦列传.tagged.md	9	辩士	理未明，不可以并兼。”方诛〖@商鞅〗，疾	辩士	，弗用。	scholar_warrior
069_苏秦列传.tagged.md	19	寡人	〗彊国也。子必欲〖^合从〗以安〖=燕〗，	寡人	请以国从。”	social_roles
069_苏秦列传.tagged.md	21	布衣	@肃侯〗曰：“天〖;下卿〗相〖#人臣〗及	布衣	之士，皆高贤君之行义，皆原奉教〖=陈〗忠	social_roles
069_苏秦列传.tagged.md	21	宾客	日久〗矣。虽然，奉阳君妒而君不任事，是以	宾客	游士莫敢自尽於前者。今奉阳君捐馆舍，君乃	guest_retainer
069_苏秦列传.tagged.md	23	父兄	魏〗、〖=中山〗皆可使致汤沐之奉，而贵戚	父兄	皆可以受封侯。夫割地包利，〖^五伯〗之所	kin_relation
069_苏秦列传.tagged.md	41	寡人	[17] 〖=赵〗王曰：“	寡人	年少，立国日浅，未尝得闻〖^社稷〗之长计	social_roles
069_苏秦列传.tagged.md	41	寡人	计也。〖@今上〗客有意存〔天下〕，安诸侯	寡人	敬以国从。”乃饰〖*车〗〖%百乘〗，〖*	social_roles
069_苏秦列传.tagged.md	49	寡人	作色，攘臂瞋目，按〖*剑〗仰天太息曰；“	寡人	虽不肖，必不能事〖=秦〗。今主君诏以〖=	social_roles
069_苏秦列传.tagged.md	53	忠臣	亏矣。凡群臣之言事〖=秦〗者，皆奸人，非	忠臣	也。夫为〖#人臣〗，割其主之地以求外交，	minister_type
069_苏秦列传.tagged.md	57	寡人	[25] 〖=魏〗王曰：“	寡人	不肖，未尝得闻明教。今主君以〖=赵〗王之	social_roles
069_苏秦列传.tagged.md	67	寡人	[29] 〖=齐〗王曰：“	寡人	不敏，僻远守海，穷道东境之国也，未尝得闻	social_roles
069_苏秦列传.tagged.md	79	寡人	[35] 〖=楚〗王曰：“	寡人	之国西与〖=秦〗接境，〖=秦〗有举〖=巴	social_roles
069_苏秦列传.tagged.md	79	寡人	反人以入於〖=秦〗，故谋未发而国已危矣。	寡人	自料以〖=楚〗当〖=秦〗，不见胜也；内与	social_roles
069_苏秦列传.tagged.md	79	寡人	=秦〗，不见胜也；内与群臣谋，不足恃也。	寡人	卧不安席，食不甘味，心摇摇然如县旌而无所	social_roles
069_苏秦列传.tagged.md	79	寡人	薄。今主君欲一〔天下〕，收诸侯，存危国，	寡人	谨奉〖^社稷〗以从。”	social_roles
069_苏秦列传.tagged.md	85	王者	〖*车〗骑辎重，诸侯各发使送之甚众，疑於	王者	。〖=周〗〖@显王〗闻之恐惧，除道，使人	ruler_subject
069_苏秦列传.tagged.md	105	寡人	闻者，非忠臣也。”王曰：“夫〖=齐〗者固	寡人	之雠，所欲伐也，直患国敝力不足也。子能以	social_roles
069_苏秦列传.tagged.md	105	寡人	敝力不足也。子能以〖=燕〗伐〖=齐〗，则	寡人	举国委子。”对曰：“凡〔天下〕〖'战国〗	social_roles
069_苏秦列传.tagged.md	105	忠臣	燕〗也。王自虑之，此则计过，无以闻者，非	忠臣	也。”王曰：“夫〖=齐〗者固寡人之雠，所	minister_type
069_苏秦列传.tagged.md	105	质子	王怨〖@苏秦〗，欲囚〖@苏厉〗。〖=燕〗	质子	为谢，已遂委质为〖=齐〗臣。	kin_relation
069_苏秦列传.tagged.md	107	质子	〗婚，而欲得〖=燕〗权，乃使苏〖=代〗侍	质子	於〖=齐〗。〖=齐〗使〖=代〗报〖=燕〗	kin_relation
069_苏秦列传.tagged.md	119	辩士	得穷〖=齐〗，不惮以国为功。然则王何不使	辩士	以此言说〖=秦〗王曰：“〖=燕〗、〖=赵	scholar_warrior
069_苏秦列传.tagged.md	119	辩士	〖=秦〗王闻若说，必若刺心然。则王何不使	辩士	以此若言说〖=秦〗？〖=秦〗必取，〖=齐	scholar_warrior
069_苏秦列传.tagged.md	129	寡人	〗巴，乘〖'夏〗水而下汉，四日而至五渚。	寡人	积甲宛东下随，智者不及谋，勇土不及怒，寡	social_roles
069_苏秦列传.tagged.md	129	寡人	人积甲宛东下随，智者不及谋，勇土不及怒，	寡人	如射隼矣。王乃欲待〔天下〕之攻〖=函谷〗	social_roles
069_苏秦列传.tagged.md	135	寡人	〖=齐〗。曰：‘〖=宋〗王无道，为木人以	寡人	，射其面。寡人地绝兵远，不能攻也。王苟能	social_roles
069_苏秦列传.tagged.md	135	寡人	‘〖=宋〗王无道，为木人以寡人，射其面。	寡人	地绝兵远，不能攻也。王苟能破〖=宋〗有之	social_roles
069_苏秦列传.tagged.md	135	寡人	绝兵远，不能攻也。王苟能破〖=宋〗有之，	寡人	如自得之。’已得〖=安邑〗，塞女戟，因以	social_roles
069_苏秦列传.tagged.md	137	寡人	=齐〗委於〔天下〕。曰：‘〖=齐〗王四与	寡人	约，四欺寡人，必率〔天下〕以攻寡人者三。	social_roles
069_苏秦列传.tagged.md	137	寡人	天下〕。曰：‘〖=齐〗王四与寡人约，四欺	寡人	，必率〔天下〕以攻寡人者三。有〖=齐〗无	social_roles
069_苏秦列传.tagged.md	137	寡人	王四与寡人约，四欺寡人，必率〔天下〕以攻	寡人	者三。有〖=齐〗无〖=秦〗，有〖=秦〗无	social_roles
069_苏秦列传.tagged.md	139	寡人	楚〗，则以〖=南阳〗委於〖=楚〗。曰：‘	寡人	固与〖=韩〗且绝矣。残均陵，塞鄳戹，苟	social_roles
069_苏秦列传.tagged.md	139	寡人	绝矣。残均陵，塞鄳戹，苟利於〖=楚〗，	寡人	如自有之。’〖=魏〗弃与国而合於〖=秦〗	social_roles
070_张仪列传.tagged.md	21	王者	，欲富国者务广其地，欲彊兵者务富其民，欲	王者	务博其德，三资者备而王随之矣。〖;今王〗	ruler_subject
070_张仪列传.tagged.md	23	寡人	[9] 〖@惠王〗曰：“善，	寡人	请听子。”卒起兵伐蜀，〖%十月〗，取之，	social_roles
070_张仪列传.tagged.md	43	人主	谈士莫不日夜搤腕瞋目切齿以言从之便，以说	人主	。人主贤其辩而牵其说，岂得无眩哉。	ruler_subject
070_张仪列传.tagged.md	43	人主	不日夜搤腕瞋目切齿以言从之便，以说人主。	人主	贤其辩而牵其说，岂得无眩哉。	ruler_subject
070_张仪列传.tagged.md	53	寡人	三月〗。〖=楚〗王闻之，曰：“〖@仪〗以	寡人	绝〖=齐〗未甚邪？”乃使勇士至〖=宋〗，	social_roles
070_张仪列传.tagged.md	53	勇士	“〖@仪〗以寡人绝〖=齐〗未甚邪？”乃使	勇士	至〖=宋〗，借〖=宋〗之〖*符〗，北骂〖	scholar_warrior
070_张仪列传.tagged.md	83	人主	夫不顾〖^社稷〗之长利而听须臾之说，诖误	人主	，无过此者。	ruler_subject
070_张仪列传.tagged.md	89	父兄	〗曰：“〔天下〕彊国无过〖=齐〗者，大臣	父兄	〖'殷〗众富乐。然而为大王计者，皆为一时	kin_relation
070_张仪列传.tagged.md	89	王者	为一时之说，不顾〖%百世〗之利。从人说大	王者	，必曰‘〖=齐〗西有彊〖=赵〗，南有〖=	ruler_subject
070_张仪列传.tagged.md	103	寡人	阳君专权擅势，蔽欺〖#先王〗，独擅绾事，	寡人	居属〖;师傅〗，不与国谋计。〖#先王〗弃	social_roles
070_张仪列传.tagged.md	103	寡人	;师傅〗，不与国谋计。〖#先王〗弃群臣，	寡人	年幼，奉祀之日新，心固窃疑焉，以为一从不	social_roles
070_张仪列传.tagged.md	111	寡人	[49] 〖=燕〗王曰：“	寡人	〖~蛮夷〗僻处，虽大男子裁如婴兒，言不足	social_roles
070_张仪列传.tagged.md	125	寡人	：“善。今韩〖=魏〗相攻，期年不解，或谓	寡人	救之便，或曰勿救便，寡人不能决，原子为子	social_roles
070_张仪列传.tagged.md	125	寡人	，期年不解，或谓寡人救之便，或曰勿救便，	寡人	不能决，原子为子〖;主计〗之馀，为寡人计	social_roles
070_张仪列传.tagged.md	125	寡人	，寡人不能决，原子为子〖;主计〗之馀，为	寡人	计之。”〖=陈〗轸对曰：“亦尝有以夫卞〖	social_roles
071_樗里子甘茂列传.tagged.md	33	寡人	@秦武王〗〖%三年〗，谓〖@甘茂〗曰："	寡人	欲容〖*车〗通〖=三川〗，以窥〖=周〗室	social_roles
071_樗里子甘茂列传.tagged.md	33	寡人	〖*车〗通〖=三川〗，以窥〖=周〗室，而	寡人	死不朽矣。"〖@甘茂〗曰："请之〖=魏〗	social_roles
071_樗里子甘茂列传.tagged.md	49	寡人	〗於〖=秦〗。"〖=楚〗王问於范蜎曰："	寡人	欲置相於〖=秦〗，孰可？"对曰："臣不足	social_roles
071_樗里子甘茂列传.tagged.md	49	寡人	对曰："臣不足以识之。"〖=楚〗王曰："	寡人	欲相〖@甘茂〗，可乎？"对曰："不可。夫	social_roles
073_白起王翦列传.tagged.md	39	寡人	，自驰如〖=频阳〗，见谢〖@王翦〗曰："	寡人	以不用〖;将军〗计，〖@李信〗果辱〖=秦	social_roles
074_孟子荀卿列传.tagged.md	6	庶人	曰"放於利而行，多怨"。自〖#天子〗至於	庶人	，好利之弊何以异哉！	social_roles
074_孟子荀卿列传.tagged.md	28	寡人	"子之称〖@淳于〗先生，管、晏不及，及见	寡人	，寡人未有得也。岂寡人不足为言邪？何故哉	social_roles
074_孟子荀卿列传.tagged.md	28	寡人	称〖@淳于〗先生，管、晏不及，及见寡人，	寡人	未有得也。岂寡人不足为言邪？何故哉？"客	social_roles
074_孟子荀卿列传.tagged.md	28	寡人	，管、晏不及，及见寡人，寡人未有得也。岂	寡人	不足为言邪？何故哉？"客以谓髡。髡曰："	social_roles
074_孟子荀卿列传.tagged.md	28	寡人	〖@淳于〗先生之来，人有献善〖*马〗者，	寡人	未及视，会先生至。後先生之来，人有献讴者	social_roles
074_孟子荀卿列传.tagged.md	28	寡人	生之来，人有献讴者，未及试，亦会先生来。	寡人	虽屏人，然私心在彼，有之。"後〖@淳于髡	social_roles
074_孟子荀卿列传.tagged.md	36	宾客	，〖=高门〗大屋，尊宠之。览〔天下〕诸侯	宾客	，言〖=齐〗能致〔天下〕贤士也。	guest_retainer
075_孟尝君列传.tagged.md	11	宾客	文窃怪之。”於是婴乃〖^礼〗文，使主家待	宾客	。宾客日进，名声闻於诸侯。诸侯皆使人请〖	guest_retainer
075_孟尝君列传.tagged.md	11	宾客	之。”於是婴乃〖^礼〗文，使主家待宾客。	宾客	日进，名声闻於诸侯。诸侯皆使人请〖=薛〗	guest_retainer
075_孟尝君列传.tagged.md	19	宾客	〖@孟尝君〗。〖@孟尝君〗将入〖=秦〗，	宾客	莫欲其行，谏，不听。苏〖=代〗谓曰：“今	guest_retainer
075_孟尝君列传.tagged.md	49	宾客	收债。”〖@孟尝君〗乃进冯驩而请之曰：“	宾客	不知文不肖，幸临文者三〖%千馀人〗，邑入	guest_retainer
075_孟尝君列传.tagged.md	49	宾客	肖，幸临文者三〖%千馀人〗，邑入不足以奉	宾客	，故出息钱於〖=薛〗。〖=薛〗岁不入，民	guest_retainer
075_孟尝君列传.tagged.md	57	宾客	## 感叹	宾客	去复来	guest_retainer
075_孟尝君列传.tagged.md	59	宾客	。非好朝而恶暮，所期物忘其中。今君失位，	宾客	皆去，不足以怨士而徒绝宾客之路。原君遇客	guest_retainer
075_孟尝君列传.tagged.md	59	宾客	中。今君失位，宾客皆去，不足以怨士而徒绝	宾客	之路。原君遇客如故。”〖@孟尝君〗再拜曰	guest_retainer
075_孟尝君列传.tagged.md	65	子弟	吾尝过〖=薛〗，其俗闾里率多暴桀	子弟	，与邹、〖=鲁〗殊。问其故，曰：“〖@孟	kin_relation
076_平原君虞卿列传.tagged.md	5	宾客	〖=赵〗之诸公子也。〔诸子〕中胜最贤，喜	宾客	，宾客盖至者〖%数千人〗。〖@平原君〗相	guest_retainer
076_平原君虞卿列传.tagged.md	5	宾客	〗之诸公子也。〔诸子〕中胜最贤，喜宾客，	宾客	盖至者〖%数千人〗。〖@平原君〗相〖@赵	guest_retainer
076_平原君虞卿列传.tagged.md	35	寡人	昌〗与〖@虞卿〗曰：“军战不胜，尉复死，	寡人	使束甲而趋之，何如？”〖@楼昌〗曰：“无	social_roles
076_平原君虞卿列传.tagged.md	43	长者	而妇人为之自杀者〖%二人〗，若是者必其於	长者	薄而於妇人厚也。’故从母言之，是为贤母；	social_roles
076_平原君虞卿列传.tagged.md	43	妇人	人也，逐於〖=鲁〗，而是人不随也。今死而	妇人	为之自杀者〖%二人〗，若是者必其於长者薄	social_roles
076_平原君虞卿列传.tagged.md	43	妇人	自杀者〖%二人〗，若是者必其於长者薄而於	妇人	厚也。’故从母言之，是为贤母；从妻言之，	social_roles
076_平原君虞卿列传.tagged.md	51	寡人	请为从。”对曰：“〖=魏〗过。”王曰：“	寡人	固未之许。”对曰：“王过。”王曰：“〖=	social_roles
076_平原君虞卿列传.tagged.md	51	寡人	”王曰：“〖=魏〗请从，卿曰〖=魏〗过，	寡人	未之许，又曰寡人过，然则从终不可乎？”对	social_roles
076_平原君虞卿列传.tagged.md	51	寡人	〗请从，卿曰〖=魏〗过，寡人未之许，又曰	寡人	过，然则从终不可乎？”对曰：“臣闻小国之	social_roles
076_平原君虞卿列传.tagged.md	61	义士	笑姬从戮，	义士	增气。	scholar_warrior
077_魏公子列传.tagged.md	13	隐士	[4] 〖=魏〗有	隐士	曰〖@侯嬴〗，年七十，家贫，为〖=大梁〗	scholar_warrior
077_魏公子列传.tagged.md	13	宾客	颜色愈和。当是时，〖=魏〗〖#将相〗宗室	宾客	满堂，待公子举酒。巿人皆观公子执辔。从骑	guest_retainer
077_魏公子列传.tagged.md	19	宾客	公子姊邪？”公子患之，数请〖=魏〗王，及	宾客	辩士说王万端。〖=魏〗王畏〖=秦〗，终不	guest_retainer
077_魏公子列传.tagged.md	19	宾客	能得之於王，计不独生而令〖=赵〗亡，乃请	宾客	，约〖*车〗骑〖%百馀〗乘，欲以客往赴〖	guest_retainer
077_魏公子列传.tagged.md	19	辩士	姊邪？”公子患之，数请〖=魏〗王，及宾客	辩士	说王万端。〖=魏〗王畏〖=秦〗，终不听公	scholar_warrior
077_魏公子列传.tagged.md	29	忠臣	〗，於〖=赵〗则有功矣，於〖=魏〗则未为	忠臣	也。公子乃自骄而功之，窃为公子不取也。”	minister_type
077_魏公子列传.tagged.md	31	处士	[11] 公子闻〖=赵〗有	处士	毛公藏於博徒，〖=薛〗公藏於卖浆家，公子	scholar_warrior
077_魏公子列传.tagged.md	33	宾客	诫门下：“有敢为〖=魏〗王使通者，死。”	宾客	皆背〖=魏〗之〖=赵〗，莫敢劝公子归。毛	guest_retainer
077_魏公子列传.tagged.md	41	宾客	子将〗。公子自知再以毁废，乃谢病不朝，与	宾客	为长夜饮，饮醇酒，多近妇女。日夜为乐饮者	guest_retainer
078_春申君列传.tagged.md	7	先帝	其二垂，此从生民已来，万乘之地未尝有也。	先帝	〖@文王〗、〖@庄王〗之身，〖%三世〗不	ruler_subject
078_春申君列传.tagged.md	37	宾客	，〖=魏〗有〖@信陵君〗，方争下士，招致	宾客	，以相倾夺，辅国持权。	guest_retainer
078_春申君列传.tagged.md	55	妇人	〗〖@考烈王〗无子，〖@春申君〗患之，求	妇人	宜子者进之，甚众，卒无子。〖=赵〗人〖@	social_roles
079_范睢蔡泽列传.tagged.md	17	辩士	，因言曰：“〖=魏〗有张禄先生，〔天下〕	辩士	也。曰‘〖=秦〗王之国危於累卵，〖@得臣	scholar_warrior
079_范睢蔡泽列传.tagged.md	19	辩士	称帝，後去之。数困三〖=晋〗。厌〔天下〕	辩士	，无所信。	scholar_warrior
079_范睢蔡泽列传.tagged.md	37	寡人	无人。〖=秦〗王跽而请曰：“先生何以幸教	寡人	？”〖@范睢〗曰：“唯唯。”有间，〖=秦	social_roles
079_范睢蔡泽列传.tagged.md	37	寡人	若是者三。〖=秦〗王跽曰：“先生卒不幸教	寡人	邪？”〖@范睢〗曰：“非敢然也。臣闻昔者	social_roles
079_范睢蔡泽列传.tagged.md	39	寡人	而大王之计有所失也。”〖=秦〗王跽曰：“	寡人	原闻失计。”	social_roles
079_范睢蔡泽列传.tagged.md	41	寡人	欲亲〖=魏〗久矣，而〖=魏〗多变之国也，	寡人	不能亲。请问亲〖=魏〗柰何？”对曰：“王	social_roles
079_范睢蔡泽列传.tagged.md	41	寡人	地而赂之；不可，因举兵而伐之。”王曰：“	寡人	敬闻命矣。”乃拜〖@范睢〗为〖;客卿〗，	social_roles
079_范睢蔡泽列传.tagged.md	65	布衣	@平原君〗曰；“寡人闻君之高义，原与君为	布衣	之友，君幸过寡人，寡人原与君为〖%十日〗	social_roles
079_范睢蔡泽列传.tagged.md	65	寡人	必报其仇，乃详为好书遗〖@平原君〗曰；“	寡人	闻君之高义，原与君为布衣之友，君幸过寡人	social_roles
079_范睢蔡泽列传.tagged.md	65	寡人	寡人闻君之高义，原与君为布衣之友，君幸过	寡人	，寡人原与君为〖%十日〗之饮。”〖@平原	social_roles
079_范睢蔡泽列传.tagged.md	65	寡人	君之高义，原与君为布衣之友，君幸过寡人，	寡人	原与君为〖%十日〗之饮。”〖@平原君〗畏	social_roles
079_范睢蔡泽列传.tagged.md	73	勇士	利则士勇，倡优拙则思虑远。夫以远思虑而御	勇士	，吾恐〖=楚〗之图〖=秦〗也。夫物不素具	scholar_warrior
079_范睢蔡泽列传.tagged.md	77	人主	黄金〗之〖*印〗，结〖*紫绶〗於要，揖让	人主	之前，食肉〔富贵〕，〖%四十三年〗足矣。	ruler_subject
079_范睢蔡泽列传.tagged.md	83	忠臣	吴〗，〖@申生〗孝而〖=晋国〗乱。是皆有	忠臣	孝子，而国家灭乱者，何也？无〔明君〕贤父	minister_type
079_范睢蔡泽列传.tagged.md	85	忠臣	：“未知何如也。”〖@蔡泽〗曰：“今主亲	忠臣	，不过〖@秦孝公〗、〖=楚〗〖@悼王〗、	minister_type
079_范睢蔡泽列传.tagged.md	85	忠臣	〗曰：“不若。”〖@蔡泽〗曰：“今主之亲	忠臣	不忘旧故不若〖@孝公〗、〖@悼王〗、〖@	minister_type
079_范睢蔡泽列传.tagged.md	89	辩士	客新有从〖=山东〗来者曰〖@蔡泽〗，其人	辩士	，明於〖'三王〗之事，〖^五伯〗之业，世	scholar_warrior
079_范睢蔡泽列传.tagged.md	97	辩士	是言也！〖@范睢〗、〖@蔡泽〗世所谓一切	辩士	，然游说诸侯至白首无所遇者，非计策之拙，	scholar_warrior
080_乐毅列传.tagged.md	21	寡人	;将军〗且休，计事。〖;将军〗过听，以与	寡人	有隙，遂捐〖=燕〗归〖=赵〗。〖;将军〗	social_roles
080_乐毅列传.tagged.md	23	幸臣	之以罪，臣恐侍御者不察〖#先王〗之所以畜	幸臣	之理，又不白臣之所以事〖#先王〗之心，故	minister_type
080_乐毅列传.tagged.md	27	宾客	以身得察於〖=燕〗。〖#先王〗过举，厕之	宾客	之中，立之群臣之上，不谋父兄，以为亚卿。	guest_retainer
080_乐毅列传.tagged.md	27	父兄	〗过举，厕之宾客之中，立之群臣之上，不谋	父兄	，以为亚卿。臣窃不自知，自以为奉令承教，	kin_relation
080_乐毅列传.tagged.md	39	忠臣	13] 臣闻古之〔君子〕，交绝不出恶声；	忠臣	去国，不絜其名。臣虽不佞，数奉教於〔君子	minister_type
080_乐毅列传.tagged.md	49	寡人	二子不失忠圣之名。何者？其忧患之尽矣。今	寡人	虽愚，不若纣之暴也；〖=燕〗民虽乱，不若	social_roles
080_乐毅列传.tagged.md	49	寡人	之甚也。室有语，不相尽，以告邻里。二者，	寡人	不为君取也。”	social_roles
080_乐毅列传.tagged.md	65	义士		义士	慷慨，〔明君〕轼闾。	scholar_warrior
081_廉颇蔺相如列传.tagged.md	42	勇士	。'臣从其计，大王亦幸赦臣。臣窃以为其人	勇士	，有智谋，宜可使。"	scholar_warrior
081_廉颇蔺相如列传.tagged.md	49	寡人	> "〖'秦王〗以十五城请易	寡人	之〖*璧〗，可予不？"	social_roles
081_廉颇蔺相如列传.tagged.md	88	布衣	可得'。议不欲予〖'秦〗〖*璧〗。臣以为	布衣	之交尚不相欺，况大国乎！且以一〖*璧〗之	social_roles
081_廉颇蔺相如列传.tagged.md	161	寡人	> "	寡人	窃闻〖'赵王〗好音，请奏〖*瑟〗。"	social_roles
081_廉颇蔺相如列传.tagged.md	399	少年	#### 	少年	骄狂	moral_type
082_田单列传.tagged.md	121	壮士	6.2] 凿城〖%数十〗穴，夜纵〘牛〙，	壮士	〖%五千人〗随其後。	scholar_warrior
082_田单列传.tagged.md	184	忠臣	"	忠臣	不事〖%二君〗，贞女不更二夫。〖'齐王〗	minister_type
082_田单列传.tagged.md	191	布衣	> "〖@王蠋〗，	布衣	也，义不北面於〖'燕〗，况在位食禄者乎！	social_roles
083_鲁仲连邹阳列传.tagged.md	178	勇士	"吾闻之，智者不倍时而弃利，	勇士	不却死而灭名，忠臣不先身而後君。今公行一	scholar_warrior
083_鲁仲连邹阳列传.tagged.md	178	忠臣	之，智者不倍时而弃利，勇士不却死而灭名，	忠臣	不先身而後君。今公行一朝之忿，不顾〖'燕	minister_type
083_鲁仲连邹阳列传.tagged.md	178	勇士	。三者世主不臣，说士不载，故智者不再计，	勇士	不怯死。今死生荣辱，贵贱尊卑，此时不再至	scholar_warrior
083_鲁仲连邹阳列传.tagged.md	260	主上	海〗。不容於世，义不苟取，比周於朝，以移	主上	之心。故〖@百里奚〗乞食於路，〖;缪公〗	ruler_subject
083_鲁仲连邹阳列传.tagged.md	260	人主	〗、〖@象〗、〖@管〗、〖@蔡〗是矣。今	人主	诚能用〖'齐〗、〖'秦〗之义，後〖'宋〗	ruler_subject
083_鲁仲连邹阳列传.tagged.md	276	人主	，〖@於陵子仲〗辞〖^三公〗为人灌园。今	人主	诚能去骄泬之心，怀可报之意，披心腹，见情	ruler_subject
083_鲁仲连邹阳列传.tagged.md	284	布衣	则以枯〘木〙朽株树功而不忘。今夫〔天下〕	布衣	穷居之士，身在〔贫贱〕，虽蒙〖@尧〗、〖	social_roles
083_鲁仲连邹阳列传.tagged.md	284	人主	，而素无根柢之容，虽竭精思，欲开忠信，辅	人主	之治，则人主必有按〖*剑〗相眄之迹，是使	ruler_subject
083_鲁仲连邹阳列传.tagged.md	284	人主	之容，虽竭精思，欲开忠信，辅人主之治，则	人主	必有按〖*剑〗相眄之迹，是使布衣不得为枯	ruler_subject
083_鲁仲连邹阳列传.tagged.md	284	布衣	之治，则人主必有按〖*剑〗相眄之迹，是使	布衣	不得为枯〘木〙朽株之资也。"	social_roles
083_鲁仲连邹阳列传.tagged.md	300	人主	"今	人主	沈於谄谀之辞，牵於帷裳之制，使不羁之士与	ruler_subject
083_鲁仲连邹阳列传.tagged.md	318	布衣	@鲁连〗其指意虽不合〔大义〕，然余多其在	布衣	之位，荡然肆志，不诎於诸侯，谈说於当世，	social_roles
084_屈原贾生列传.tagged.md	8	宾客	令。入则与王图议国事,以出号令;出则接遇	宾客	,应对诸侯。王甚任之。	guest_retainer
084_屈原贾生列传.tagged.md	36	忠臣	不忠,而所谓贤者不贤也。〖;怀王〗以不知	忠臣	之分,故内惑於〖@郑袖〗,外欺於〖@张仪	minister_type
085_吕不韦列传.tagged.md	12	质子	曰〖@夏姬〗,毋爱。〖@子楚〗为〖'秦〗	质子	於〖'赵〗。〖'秦〗数攻〖'赵〗,〖'赵	kin_relation
085_吕不韦列传.tagged.md	20	宾客	〗曰:"子贫,客於此,非有以奉献於亲及结	宾客	也。〖@不韦〗虽贫,请以〖*千金〗为〖@	guest_retainer
085_吕不韦列传.tagged.md	24	宾客	乃以〖*五百金〗与〖@子楚〗,为进用,结	宾客	;而复以〖*五百金〗买奇物玩好,自奉而西	guest_retainer
085_吕不韦列传.tagged.md	52	宾客	原君〗,〖'齐〗有〖;孟尝君〗,皆下士喜	宾客	以相倾。〖@吕不韦〗以〖'秦〗之彊,羞不	guest_retainer
085_吕不韦列传.tagged.md	54	辩士	[9.2] 是时诸侯多	辩士	,如〖@荀卿〗之徒,著书布〔天下〕。〖@	scholar_warrior
085_吕不韦列传.tagged.md	54	宾客	咸阳〗市门,悬〖*千金〗其上,延诸侯游士	宾客	有能增损一字者予〖*千金〗。	guest_retainer
085_吕不韦列传.tagged.md	70	宾客	欲诛〖;相国〗,为其奉〖#先王〗功大,及	宾客	辩士为游说者众,王不忍致〖^法〗。	guest_retainer
085_吕不韦列传.tagged.md	70	辩士	〖;相国〗,为其奉〖#先王〗功大,及宾客	辩士	为游说者众,王不忍致〖^法〗。	scholar_warrior
085_吕不韦列传.tagged.md	78	宾客	[14.1] 〖%岁馀〗,诸侯	宾客	使者相望於道,请〖;文信侯〗。〖'秦〗王	guest_retainer
086_刺客列传.tagged.md	32	谋臣	子乎,则〖@光〗真適嗣,当立。"故尝阴养	谋臣	以求立。	minister_type
086_刺客列传.tagged.md	60	忠臣	〖@豫让〗曰:"臣闻明主不掩人之美,而	忠臣	有死名之义。前君已宽赦臣,〔天下〕莫不称	minister_type
086_刺客列传.tagged.md	60	志士	〗"遂伏〖*剑〗自杀。死之日,〖'赵〗国	志士	闻之,皆为涕泣。	scholar_warrior
086_刺客列传.tagged.md	114	长者	然其为人沈深好书;其所游诸侯,尽与其贤豪	长者	相结。其之〖'燕〗,〖'燕〗之处士〖;田	social_roles
086_刺客列传.tagged.md	114	处士	其贤豪长者相结。其之〖'燕〗,〖'燕〗之	处士	〖;田光先生〗亦善待之,知其非庸人也。	scholar_warrior
086_刺客列传.tagged.md	118	王者	,故〖@丹〗怨而亡归。归而求为报〖'秦〗	王者	,国小,力不能。其後〖'秦〗日出兵〖=山	ruler_subject
086_刺客列传.tagged.md	142	王者	而欲不可足也。非尽〔天下〕之地,臣海内之	王者	,其意不厌。今〖'秦〗已虏〖'韩〗王,尽	ruler_subject
086_刺客列传.tagged.md	156	勇士	〖'燕〗国有	勇士	〖@秦舞阳〗,年〖%十三〗,杀人,人不敢	scholar_warrior
086_刺客列传.tagged.md	160	宾客	〖#太子〗及	宾客	知其事者,皆白*衣**冠〖*以送之。至易	guest_retainer
087_李斯列传.tagged.md	26	王者	成其大;〖=河海〗不择细流,故能就其深;	王者	不卻众庶,故能明其德。是以地无四方,民无	ruler_subject
087_李斯列传.tagged.md	26	宾客	王〗之所以无敌也。今乃弃黔首以资敌国,卻	宾客	以业诸侯,使〔天下〕之士退而不敢西向,裹	guest_retainer
087_李斯列传.tagged.md	32	子弟	刃,示不复用。使〖'秦〗无尺土之封,不立	子弟	为王,〖#功臣〗为诸侯者,使後无战攻之患	kin_relation
087_李斯列传.tagged.md	78	先帝	 〖;公子高〗欲奔,恐收族,乃上书曰:"	先帝	无恙时,臣入则〈赐食〉,出则乘〖*舆〗。	ruler_subject
087_李斯列传.tagged.md	94	烈士	矣;谏说论理之臣间於侧,则流漫之志诎矣;	烈士	死节之行显於世,则淫康之虞废矣。故明主能	scholar_warrior
087_李斯列传.tagged.md	94	烈士	。然後能灭〖^仁义〗之涂,掩驰说之口,困	烈士	之行,塞聪揜明,内独视听,故外不可倾以〖	scholar_warrior
087_李斯列传.tagged.md	94	烈士	聪揜明,内独视听,故外不可倾以〖^仁义〗	烈士	之行,而内不可夺以谏说忿争之辩。故能荦然	scholar_warrior
087_李斯列传.tagged.md	96	忠臣	者相半於道,而死人日成积於市。杀人众者为	忠臣	。〖@二世〗曰:"若此则可谓能〖^督责〗	minister_type
087_李斯列传.tagged.md	114	忠臣	〗之治岂不乱哉!日者夷其兄弟而自立也,杀	忠臣	而贵贱人,作为〖=阿房〗之宫,〖^赋敛〗	minister_type
087_李斯列传.tagged.md	114	忠臣	能长久治安。今行逆於昆弟,不顾其咎;侵杀	忠臣	,不思其殃;大为〖^宫室〗,厚赋〔天下〕	minister_type
087_李斯列传.tagged.md	116	宾客	责〖@斯〗与子〖@由〗谋反状,皆收捕宗族	宾客	。〖@赵高〗治〖@斯〗,榜掠〖%千馀〗,	guest_retainer
088_蒙恬列传.tagged.md	44	良臣	;子婴〗进谏曰:"臣闻故〖;赵王迁〗杀其	良臣	〖@李牧〗而用〖@颜聚〗,〖'燕〗王〖;	minister_type
088_蒙恬列传.tagged.md	44	谋士	而殃及其身。今〖@蒙〗氏,〖'秦〗之大臣	谋士	也,而主欲〖%一旦〗弃去之,臣窃以为不可	scholar_warrior
088_蒙恬列传.tagged.md	44	忠臣	轻虑者不可以治国,独智者不可以存君。诛杀	忠臣	而立无节行之人,是内使群臣不相信而外使斗	minister_type
089_张耳陈馀列传.tagged.md	9	布衣	也，〖@张耳〗家〖=外黄〗。〖@高祖〗为	布衣	时，尝数从〖@张耳〗游，客〖%数月〗。〖	social_roles
089_张耳陈馀列传.tagged.md	15	父老	[4] 〖=陈〗中豪杰	父老	乃说〖@陈涉〗曰："将军身被坚执锐，率士	kin_relation
089_张耳陈馀列传.tagged.md	15	豪杰	[4] 〖=陈〗中	豪杰	父老乃说〖@陈涉〗曰："将军身被坚执锐，	moral_type
089_张耳陈馀列传.tagged.md	17	豪桀	未及收〖=河北〗也。臣尝游〖'赵〗，知其	豪桀	及地形，原请奇兵北略〖=赵地〗。"於是〖	moral_type
089_张耳陈馀列传.tagged.md	21	父兄	秦〗久矣。因〔天下〕之力而攻无道之君，报	父兄	之怨而成割地有土之业，此士之一时也。"豪	kin_relation
089_张耳陈馀列传.tagged.md	21	豪桀	兄之怨而成割地有土之业，此士之一时也。"	豪桀	皆然其言。乃行收兵，得〖%数万〗人，号〖	moral_type
089_张耳陈馀列传.tagged.md	23	少年	〖;武信君〗兵且至，而君坚守〖=范阳〗，	少年	皆争杀君，下〖;武信君〗。君急遣臣见〖;	moral_type
089_张耳陈馀列传.tagged.md	25	少年	〗所置吏，诛杀如前十城也。然今〖=范阳〗	少年	亦方杀其令，自以城距君。君何不赍臣侯印，	moral_type
089_张耳陈馀列传.tagged.md	25	少年	拜〖;范阳令〗，〖;范阳令〗则以城下君，	少年	亦不敢杀其令。令〖;范阳令〗乘〖*硃轮华	moral_type
089_张耳陈馀列传.tagged.md	49	侯王	侯入关。〖%汉元年二月〗，〖@项羽〗立诸	侯王	，〖@张耳〗雅游，人多为之言，〖@项羽〗	ruler_subject
089_张耳陈馀列传.tagged.md	67	长者	〖%十馀人〗皆相谓曰："乃吾等非也。吾王	长者	，不倍德。且吾等义不辱，今怨〖@高祖〗辱	social_roles
089_张耳陈馀列传.tagged.md	71	宾客	〗。治〖@张敖〗之罪。上乃诏〖'赵〗群臣	宾客	有敢从王皆族。〖@贯高〗与客〖@孟舒〗等	guest_retainer
089_张耳陈馀列传.tagged.md	71	壮士	。〖;廷尉〗以〖@贯高〗事辞闻，上曰："	壮士	！谁知者，以私问之。"〖;中大夫〗〖;泄	scholar_warrior
090_魏豹彭越列传.tagged.md	19	少年	中，为群盗。〖@陈胜〗、〖@项梁〗之起，	少年	或谓〖@越〗曰："诸豪桀相立畔〖'秦〗，	moral_type
090_魏豹彭越列传.tagged.md	21	少年	[6] 居〖%岁馀〗，泽间	少年	相聚〖%百馀人〗，往从〖@彭越〗，曰："	moral_type
090_魏豹彭越列传.tagged.md	35	壮士	=雒阳〗。〖@吕后〗白上曰："〖@彭王〗	壮士	，今徙之〖=蜀〗，此自遗患，不如遂诛之。	scholar_warrior
090_魏豹彭越列传.tagged.md	40	王者	囚，身被刑戮，何哉？中材已上且羞其行，况	王者	乎！彼无异故，智略绝人，独患无身耳。得摄	ruler_subject
091_黥布列传.tagged.md	7	布衣	〖=六〗人也，姓〖@英〗氏。〖'秦〗时为	布衣	。少年，有客相之曰："当刑而王。"及壮，	social_roles
091_黥布列传.tagged.md	7	少年	〗人也，姓〖@英〗氏。〖'秦〗时为布衣。	少年	，有客相之曰："当刑而王。"及壮，【坐法	moral_type
091_黥布列传.tagged.md	7	豪桀	〗之徒〖%数十万〗人，〖@布〗皆与其徒长	豪桀	交通，乃率其曹偶，亡之〖=江〗中为群盗。	moral_type
091_黥布列传.tagged.md	31	幸臣	，尽杀〖@布〗妻子。〖@布〗使者颇得故人	幸臣	，将众〖%数千人〗归〖'汉〗。〖'汉〗益	minister_type
092_淮阴侯列传.tagged.md	10	丈夫	漂母曰："吾必有以重报母。"母怒曰："大	丈夫	不能自食，吾〖@哀王〗孙而进食，岂望报乎	social_roles
092_淮阴侯列传.tagged.md	12	少年	[1.3] 〖=淮阴〗屠中	少年	有侮〖@信〗者，曰："若虽长大，好带〖*	moral_type
092_淮阴侯列传.tagged.md	16	壮士	滕公〗，曰："上不欲就〔天下〕乎？何为斩	壮士	！"〖;滕公〗奇其言，壮其貌，释而不斩。	scholar_warrior
092_淮阴侯列传.tagged.md	24	匹夫	咤，〖%千人〗皆废，然不能任属贤将，此特	匹夫	之勇耳。〖@项王〗见人恭敬慈爱，言语呕呕	social_roles
092_淮阴侯列传.tagged.md	44	辩士	〖#士大夫〗醳兵，北首〖'燕〗路，而後遣	辩士	奉〖*咫尺之书〗，暴其所长於〖'燕〗，〖	scholar_warrior
092_淮阴侯列传.tagged.md	50	辩士	说下〖'齐〗，〖@韩信〗欲止。〖=范阳〗	辩士	〖@蒯通〗说〖@信〗曰："将军受诏击〖'	scholar_warrior
092_淮阴侯列传.tagged.md	56	丈夫	，变生。"〖@汉王〗亦悟，因复骂曰："大	丈夫	定诸侯，即为真王耳，何以假为！"乃遣〖@	social_roles
092_淮阴侯列传.tagged.md	62	寡人	，万不失一。"〖@韩信〗曰："善。先生相	寡人	何如？"对曰："原少间。"〖@信〗曰："	social_roles
092_淮阴侯列传.tagged.md	62	豪桀	"〖@蒯通〗曰："〔天下〕初发难也，俊雄	豪桀	建号壹呼，〔天下〕之士云合雾集，〘鱼〙鳞	moral_type
092_淮阴侯列传.tagged.md	64	布衣	以为误矣。始〖;常山王〗、〖;成安君〗为	布衣	时，相与为刎颈之交，後争〖@张黡〗、〖@	social_roles
092_淮阴侯列传.tagged.md	72	少年	，曰："公，小人也，为德不卒。"召辱己之	少年	令出胯下者以为〖;楚中尉〗。告诸〖#将相	moral_type
092_淮阴侯列传.tagged.md	72	壮士	以为〖;楚中尉〗。告诸〖#将相〗曰："此	壮士	也。方辱我时，我宁不能杀之邪？杀之无名，	scholar_warrior
092_淮阴侯列传.tagged.md	84	幸臣	之所居，〔天下〕精兵处也；而公，陛下之信	幸臣	也。人言公之畔，陛下必不信；再至，陛下乃	minister_type
092_淮阴侯列传.tagged.md	86	辩士	@蒯通〗计。"〖@高祖〗曰："是〖'齐〗	辩士	也。"乃诏〖'齐〗捕〖@蒯通〗。〖@蒯通	scholar_warrior
092_淮阴侯列传.tagged.md	91	布衣	阴〗，〖=淮阴〗人为余言，〖@韩信〗虽为	布衣	时，其志与众异。其母死，贫无以葬，然乃行	social_roles
093_韩信卢绾列传.tagged.md	29	王者	@高祖〗已定〔天下〕，诸侯非〖@刘〗氏而	王者	七人。欲王〖@卢绾〗，为群臣觖望。及虏〖	ruler_subject
093_韩信卢绾列传.tagged.md	29	侯王	年八月〗，乃立虏〖@绾〗为〖'燕〗王。诸	侯王	得幸莫如〖'燕〗王。	ruler_subject
093_韩信卢绾列传.tagged.md	47	宾客	〗，〖'赵〗〖;相〗〖;周昌〗见〖@豨〗	宾客	随之者〖%千馀〗乘，〖=邯郸〗官舍皆满。	guest_retainer
093_韩信卢绾列传.tagged.md	47	宾客	，〖@周昌〗乃求入见。见上，具言〖@豨〗	宾客	盛甚，擅兵於外〖%数岁〗，恐有变。上乃令	guest_retainer
093_韩信卢绾列传.tagged.md	51	壮士	;尉〗。上问〖@周昌〗曰："〖'赵〗亦有	壮士	可令将者乎？"对曰："有四人。"四人谒，	scholar_warrior
093_韩信卢绾列传.tagged.md	51	子弟	吾胡爱四〖%千户〗封四人，不以慰〖'赵〗	子弟	！"皆曰："善。"於是上曰："〖@陈豨〗	kin_relation
094_田儋列传.tagged.md	23	侯王	章邯〗等，西屠〖=咸阳〗，灭〖'秦〗而立	侯王	也，乃徙〖'齐〗王〖@田市〗更王〖'胶东	ruler_subject
094_田儋列传.tagged.md	46	宾客	两人〗终不肯受，亡去。〖@田横〗之高节，	宾客	慕义而从〖@横〗死，岂非至贤！余因而列焉	guest_retainer
095_樊郦滕灌列传.tagged.md	33	庶人	下吏。〖%孝景中六年〗，〖@他广〗夺侯为	庶人	，国除。	social_roles
096_张丞相列传.tagged.md	50	幸臣	〖;丞相〗奏事毕，因言曰："〖#陛下〗爱	幸臣	，则〔富贵〕之；至於朝廷之〖^礼〗，不可	minister_type
096_张丞相列传.tagged.md	72	庶人	官〖*毛〗乱，身及〖;子男〗有奸赃，免为	庶人	。	social_roles
097_郦生陆贾列传.tagged.md	14	长者	："必聚徒合义兵诛无道〖'秦〗，不宜倨见	长者	。"於是〖@沛公〗辍洗，起摄〖*衣〗，延	social_roles
097_郦生陆贾列传.tagged.md	16	说客	〖@沛公〗〖=西南〗略地。〖@郦生〗常为	说客	，驰使诸侯。	guest_retainer
097_郦生陆贾列传.tagged.md	20	王者	者，王事可成；不知天之天者，王事不可成。	王者	以民人为天，而民人以〖*食〗为天。夫〖=	ruler_subject
097_郦生陆贾列传.tagged.md	30	辩士	也。以客从〖@高祖〗定〔天下〕，名为有口	辩士	，居左右，常使诸侯。	scholar_warrior
097_郦生陆贾列传.tagged.md	54	幸臣	曰："狱急，不敢见君。"乃求见〖@孝惠〗	幸臣	〖;闳籍孺〗，说之曰："君所以得幸〖;帝	minister_type
097_郦生陆贾列传.tagged.md	71	辩士	读〖@陆生〗〖^新语〗书十二篇，固当世之	辩士	。至〖;平原君〗子与余善，是以得具论之。	scholar_warrior
098_傅靳蒯成列传.tagged.md	48	主上		主上	称忠，〖#人臣〗鸧腕。	ruler_subject
099_刘敬叔孙通列传.tagged.md	22	豪杰	## [3] 刘敬徙	豪杰	实关中	moral_type
099_刘敬叔孙通列传.tagged.md	24	豪桀	燕〗、〖'赵〗、〖'韩〗、〖'魏〗後，及	豪桀	〖^名家〗居〖=关中〗。无事，可以备胡；	moral_type
099_刘敬叔孙通列传.tagged.md	32	壮士	馀人〗，然〖@通〗无所言进，专言诸故群盗	壮士	进之。弟子皆窃骂曰："事先生〖%数岁〗，	scholar_warrior
099_刘敬叔孙通列传.tagged.md	42	侯王	#皇帝〗〖*辇〗出房，百官执职传警，引诸	侯王	以下至吏〖^六百石〗以次奉贺。自诸侯王以	ruler_subject
099_刘敬叔孙通列传.tagged.md	42	侯王	诸侯王以下至吏〖^六百石〗以次奉贺。自诸	侯王	以下莫不振恐肃敬。至〖^礼〗毕，复置〖^	ruler_subject
099_刘敬叔孙通列传.tagged.md	54	人主	大惧，曰："急坏之。"〖@叔孙生〗曰："	人主	无过举。今已作，百姓皆知之，今坏此，则示	ruler_subject
100_季布栾布列传.tagged.md	8	壮士	急如此，此不北走胡即南走〖'越〗耳。夫忌	壮士	以资敌国，此〖;伍子胥〗所以鞭〖;荆平王	scholar_warrior
100_季布栾布列传.tagged.md	20	长者	书谏〖;窦长君〗曰："吾闻〖@曹丘生〗非	长者	，勿与通。"及〖@曹丘生〗归，欲得书请〖	social_roles
100_季布栾布列传.tagged.md	47	壮士	於〖'楚〗，身屦军搴〖*旗〗者数矣，可谓	壮士	。然至被刑戮，为人奴而不死，何其下也！彼	scholar_warrior
100_季布栾布列传.tagged.md	47	烈士	汤如归者，彼诚知所处，不自重其死。虽往古	烈士	，何以加哉！	scholar_warrior
101_袁盎晁错列传.tagged.md	221	庶人	@袁盎〗受〖;吴王〗财物，抵罪，诏赦以为	庶人	。	social_roles
101_袁盎晁错列传.tagged.md	249	长者	 〖%两人〗素相与善。逮〖'吴〗反。诸陵	长者	〖=长安〗中〖;贤大夫〗争附〖%两人〗，	social_roles
101_袁盎晁错列传.tagged.md	450	忠臣	%万世〗之利也。计画始行，卒受大戮，内杜	忠臣	之口，外为诸侯报仇，臣窃为陛下不取也。"	minister_type
102_张释之冯唐列传.tagged.md	15	长者	阳侯〗〖@张相如〗何如人也？"上复曰："	长者	。"〖@释之〗曰："夫〖;绛侯〗、〖;东	social_roles
102_张释之冯唐列传.tagged.md	35	先帝	当〖^弃市〗。上大怒曰："人之无道，乃盗	先帝	庙器，吾属〖;廷尉〗者，欲致之族，而君以	ruler_subject
102_张释之冯唐列传.tagged.md	57	父老	〖@文帝〗辇过，问〖@唐〗曰："	父老	何自为郎？家安在？"〖@唐〗具以实对。〖	kin_relation
102_张释之冯唐列传.tagged.md	70	长者	〖@太史公〗曰：〖@张季〗之言	长者	，守法不阿意；〖@冯公〗之论将率，有味哉	social_roles
103_万石张叔列传.tagged.md	61	庶人	後为〖;太常〗，【坐法】【当死】，赎免为	庶人	。〖@庆〗方为〖;丞相〗，〔诸子〕孙为吏	social_roles
103_万石张叔列传.tagged.md	67	长者	文帝〗且崩时，属〖@孝景〗曰："〖@绾〗	长者	，善遇之。"及〖@文帝〗崩，〖@景帝〗立	social_roles
103_万石张叔列传.tagged.md	75	长者	太子〗，诛〖@栗卿〗之属。上以为〖@绾〗	长者	，不忍，乃赐〖@绾〗告归，而使〖@郅都〗	social_roles
103_万石张叔列传.tagged.md	85	长者	归者来而归金，而前郎亡金者大惭，以此称为	长者	。〖@文帝〗称举，稍迁至〖;太中大夫〗。	social_roles
103_万石张叔列传.tagged.md	113	长者	夫〗。自〖@欧〗为吏，未尝言案人，专以诚	长者	处官。官属以为长者，亦不敢大欺。上具狱事	social_roles
103_万石张叔列传.tagged.md	113	长者	吏，未尝言案人，专以诚长者处官。官属以为	长者	，亦不敢大欺。上具狱事，有可卻，卻之；不	social_roles
104_田叔列传.tagged.md	17	长者	### [1.3] 荐孟舒为	长者		social_roles
104_田叔列传.tagged.md	19	长者	既立，召〖@田叔〗问之曰："公知〔天下〕	长者	乎？"对曰："臣何足以知之！"上曰："公	social_roles
104_田叔列传.tagged.md	19	长者	？"对曰："臣何足以知之！"上曰："公，	长者	也，宜知之。"〖@叔〗顿首曰："故〖;云	social_roles
104_田叔列传.tagged.md	19	长者	叔〗顿首曰："故〖;云中守〗〖@孟舒〗，	长者	也。"是时〖@孟舒〗坐虏大入塞盗劫，〖=	social_roles
104_田叔列传.tagged.md	19	长者	〗人。长者固杀人乎？公何以言〖@孟舒〗为	长者	也？"〖@叔〗叩头对曰："是乃〖@孟舒〗	social_roles
104_田叔列传.tagged.md	19	长者	〖@叔〗叩头对曰："是乃〖@孟舒〗所以为	长者	也。夫〖@贯高〗等谋反，上下明诏，〖'赵	social_roles
104_田叔列传.tagged.md	67	父兄	、〖;河内太守〗皆〖;御史大夫〗〖@杜〗	父兄	子弟也，〖;河东太守〗〖@石〗〖;丞相〗	kin_relation
104_田叔列传.tagged.md	67	子弟	;河内太守〗皆〖;御史大夫〗〖@杜〗父兄	子弟	也，〖;河东太守〗〖@石〗〖;丞相〗子孙	kin_relation
104_田叔列传.tagged.md	83	长者	〖@田叔〗	长者	，重义轻生。	social_roles
105_扁鹊仓公列传.tagged.md	175	侯王	："〖@意〗方能知病死生，论药用所宜，诸	侯王	大臣有尝问〖@意〗者不？及〖@文王〗病时	ruler_subject
106_吴王濞列传.tagged.md	37	寡人	发也，〖;吴王〗悉其士卒，下令国中曰："	寡人	年〖%六十二〗，身自将。少子年〖%十四〗	social_roles
106_吴王濞列传.tagged.md	37	寡人	。少子年〖%十四〗，亦为士卒先。诸年上与	寡人	比，下与少子等者，皆发。"发〖%二十馀万	social_roles
106_吴王濞列传.tagged.md	41	寡人	〗、〖@庐江王〗、故〖@长沙王〗子：幸教	寡人	！以〖'汉〗有贼臣，无功〔天下〕，侵夺诸	social_roles
106_吴王濞列传.tagged.md	41	寡人	〗、〖;楚王〗、〖@淮南〗〖'三王〗，与	寡人	西面；〖'齐〗诸王与〖;赵王〗定〖=河间	social_roles
106_吴王濞列传.tagged.md	41	寡人	间〗、〖=河内〗，或入〖=临晋关〗，或与	寡人	会〖=雒阳〗；〖@燕王〗、〖;赵王〗固与	social_roles
106_吴王濞列传.tagged.md	41	寡人	%十馀年〗，怨入骨髓，欲一有所出之久矣，	寡人	未得诸王之意，未敢听。今诸王苟能存亡继绝	social_roles
106_吴王濞列传.tagged.md	41	寡人	@刘〗氏，〖^社稷〗之所原也。敝国虽贫，	寡人	节衣食之用，积〖*金钱〗，脩兵革，聚穀食	social_roles
106_吴王濞列传.tagged.md	41	寡人	因。原诸王明以令〖#士大夫〗，弗敢欺也。	寡人	〖*金钱〗在〔天下〕者往往而有，非必取於	social_roles
106_吴王濞列传.tagged.md	41	寡人	〖'吴〗，诸王日夜用之弗能尽。有当赐者告	寡人	，寡人且往遗之。敬以闻。"	social_roles
106_吴王濞列传.tagged.md	41	寡人	〗，诸王日夜用之弗能尽。有当赐者告寡人，	寡人	且往遗之。敬以闻。"	social_roles
106_吴王濞列传.tagged.md	49	豪桀	;吴王〗即山铸钱，煮海水为盐，诱〔天下〕	豪桀	，白头举事。若此，其计不百全，岂发乎？何	moral_type
106_吴王濞列传.tagged.md	63	宾客	〖;吴王〗专并将其兵，未度〖=淮〗，诸	宾客	皆得为将、〖;校尉〗、〖;候〗、〖;司马	guest_retainer
106_吴王濞列传.tagged.md	73	壮士	多饥死，乃畔散。於是〖;吴王〗乃与其麾下	壮士	〖%数千〗人夜亡去，度〖=江〗走〖=丹徒	scholar_warrior
107_魏其武安侯列传.tagged.md	11	宾客	@孝文后〗从兄子也。父世〖=观津〗人。喜	宾客	。〖@孝文〗时，〖@婴〗为〖;吴相〗，病	guest_retainer
107_魏其武安侯列传.tagged.md	19	宾客	已尽破，封〖@婴〗为〖;魏其侯〗。诸游士	宾客	争归〖;魏其侯〗。〖@孝景〗时每朝议大事	guest_retainer
107_魏其武安侯列传.tagged.md	23	宾客	居〖=蓝田〗〖=南山〗之下〖%数月〗，诸	宾客	辩士说之，莫能来。〖=梁〗人〖@高遂〗乃	guest_retainer
107_魏其武安侯列传.tagged.md	23	辩士	=蓝田〗〖=南山〗之下〖%数月〗，诸宾客	辩士	说之，莫能来。〖=梁〗人〖@高遂〗乃说〖	scholar_warrior
107_魏其武安侯列传.tagged.md	23	主上	赵〗女，屏间处而不朝。相提而论，是自明扬	主上	之过。有如〖^两宫〗螫将军，则妻子毋类矣	ruler_subject
107_魏其武安侯列传.tagged.md	37	宾客	〖;武安侯〗新欲用事为相，卑下	宾客	，进名士家居者贵之，欲以倾〖;魏其〗诸〖	guest_retainer
107_魏其武安侯列传.tagged.md	49	侯王	〖;武安〗者，貌侵，生贵甚。又以为诸	侯王	多长，上初即位，富於〖%春秋〗，〖@蚡〗	ruler_subject
107_魏其武安侯列传.tagged.md	49	主上	所言皆听。荐人或起家至〖^二千石〗，权移	主上	。上乃曰："君除吏已尽未？吾亦欲除吏。"	ruler_subject
107_魏其武安侯列传.tagged.md	57	壮士	。"於是〖@灌夫〗被甲持〖*戟〗，募军中	壮士	所善原从者〖%数十〗人。及出壁门，莫敢前	scholar_warrior
107_魏其武安侯列传.tagged.md	83	宾客	〗阴事，为奸利，受〖@淮南王〗金与语言。	宾客	居间，遂止，俱解。	guest_retainer
107_魏其武安侯列传.tagged.md	89	长者	"生平毁〖@程不识〗不直一钱，〖%今日〗	长者	为寿，乃效女兒呫嗫耳语！"〖;武安〗谓〖	social_roles
107_魏其武安侯列传.tagged.md	105	先帝	藏〖;魏其〗家，家丞封。乃劾〖;魏其〗矫	先帝	诏，罪当〖^弃市〗。〖%五年〗〖%十月〗	ruler_subject
108_韩长孺列传.tagged.md	25	良臣	@安国〗入见王而泣曰："主辱臣死。大王无	良臣	，故事纷纷至此。今〖@诡〗、〖@胜〗不得	minister_type
108_韩长孺列传.tagged.md	64	长者	，〖@壶遂〗之深中隐厚。世之言〖=梁〗多	长者	，不虚哉！〖@壶遂〗官至〖;詹事〗，〖#	social_roles
109_李将军列传.tagged.md	27	庶人	所失亡多，为虏所生得，【当斩】，【赎为】	庶人	。	social_roles
109_李将军列传.tagged.md	57	庶人	而〖;右将军〗独下吏，【当死】，【赎为】	庶人	。	social_roles
110_匈奴列传.tagged.md	117	父兄	〗虽乱，必立宗种。今〖=中国〗虽详不取其	父兄	之妻，亲属益疏则相杀，至乃易姓，皆从此类	kin_relation
110_匈奴列传.tagged.md	127	先帝	韩辽〗遗朕〘马〙〖%二匹〗，已至，敬受。	先帝	制：〖*长城〗以北，引弓之国，受命〖;单	ruler_subject
110_匈奴列传.tagged.md	129	谋臣	;单于〗为之父母。朕追念前事，薄物细故，	谋臣	计失，皆不足以离兄弟之驩。朕闻〖!天〗不	minister_type
110_匈奴列传.tagged.md	151	庶人	〗、〖@广〗，〖@敖〗、〖@广〗【赎为】	庶人	。	social_roles
110_匈奴列传.tagged.md	176	庶人	期，及与〖;博望侯〗皆【当死】，【赎为】	庶人	。	social_roles
110_匈奴列传.tagged.md	213	少年	〖#贵人〗，其儒先，以为欲说，折其辩；其	少年	，以为欲刺，折其气。每〖'汉〗使入〖~匈	moral_type
110_匈奴列传.tagged.md	260	人主	，不参彼己；将率席〖=中国〗广大，气奋，	人主	因以决策，是以建功不深。〖@尧〗虽贤，兴	ruler_subject
111_卫将军骠骑列传.tagged.md	22	壮士	〖@青〗,欲杀之。其友〖;骑郎公孙敖〗与	壮士	往篡取之,以故得不死。	scholar_warrior
111_卫将军骠骑列传.tagged.md	94	壮士	。善〖;骑〗射,再从〖;大将军〗,受诏与	壮士	,为〖;剽姚校尉〗,与轻勇〖;骑〗八百直	scholar_warrior
111_卫将军骠骑列传.tagged.md	98	庶人	建〗至,〖#天子〗不诛,赦其罪,【赎为】	庶人	。	social_roles
111_卫将军骠骑列传.tagged.md	118	庶人	 〖;博望侯〗坐行留,【当斩】,【赎为】	庶人	。	social_roles
111_卫将军骠骑列传.tagged.md	124	庶人	行留不与〖;骠骑〗会,【当斩】,【赎为】	庶人	。诸宿将所将士〖*马〗兵亦不如〖;骠骑〗	social_roles
111_卫将军骠骑列传.tagged.md	174	庶人	杀。〖;右将军〗至,下〖;吏〗,【赎为】	庶人	。	social_roles
111_卫将军骠骑列传.tagged.md	256	庶人	〗,亡卒七〖%千人〗,【当斩】,【赎为】	庶人	。	social_roles
111_卫将军骠骑列传.tagged.md	260	庶人	地〗,後〖;骠骑〗期,【当斩】,【赎为】	庶人	。後〖%二岁〗,以〖;校尉〗从〖;大将军	social_roles
111_卫将军骠骑列传.tagged.md	284	庶人	,亡〖;翕侯〗,失军,【当斩】,【赎为】	庶人	。其後为〖;代郡太守〗,卒,冢在〖=大犹	social_roles
111_卫将军骠骑列传.tagged.md	296	庶人	出〖=右北平〗,失期,【当斩】,【赎为】	庶人	。其後使通〖~乌孙〗,为〖;大行〗而卒,	social_roles
111_卫将军骠骑列传.tagged.md	300	庶人	出〖=定襄〗,迷失道,【当斩】,【赎为】	庶人	。	social_roles
111_卫将军骠骑列传.tagged.md	351	宾客	军〗谢曰:'自〖;魏其〗、〖;武安〗之厚	宾客	,〖#天子〗常切齿。彼亲附士〖;大夫〗,	guest_retainer
111_卫将军骠骑列传.tagged.md	351	人主	切齿。彼亲附士〖;大夫〗,招贤绌不肖者,	人主	之柄也。〖#人臣〗奉〖^法〗遵职而已,何	ruler_subject
112_平津侯主父列传.tagged.md	30	人主	[3.2] 每〈朝会〉议,开陈其端,令	人主	自择,不肯面折庭争。於是〖#天子〗察其行	ruler_subject
112_平津侯主父列传.tagged.md	68	宾客	.3] 食一*肉**脱粟*之饭。故人所善	宾客	,仰衣食,〖@弘〗奉禄皆以给之,家无所馀	guest_retainer
112_平津侯主父列传.tagged.md	108	忠臣	[11.1] 臣闻明主不恶切谏以博观,	忠臣	不敢避重诛以直谏,是故事无遗策而功流〖%	minister_type
112_平津侯主父列传.tagged.md	152	匹夫	[12.2.5] 非权轻於	匹夫	而兵弱於〖@陈涉〗也,当是之时,先帝之德	social_roles
112_平津侯主父列传.tagged.md	152	先帝	轻於匹夫而兵弱於〖@陈涉〗也,当是之时,	先帝	之德泽未衰而安土乐俗之民众,故诸侯无境外	ruler_subject
112_平津侯主父列传.tagged.md	154	布衣	6] 由是观之,〔天下〕诚有土崩之势,虽	布衣	穷处之士或首恶而危海内,〖@陈涉〗是也。	social_roles
112_平津侯主父列传.tagged.md	218	子弟	节萌起,前〖%日〗〖@晁错〗是也。今诸侯	子弟	或〖%十数〗,而適嗣代立,馀虽骨肉,无尺	kin_relation
112_平津侯主父列传.tagged.md	220	子弟	[14.3] 原陛下令诸侯得〖^推恩〗分	子弟	,以〖!地侯〗之。彼人人喜得所原,〖;上	kin_relation
112_平津侯主父列传.tagged.md	222	豪桀	说〖;上〗曰:"〖=茂陵〗初立,〔天下〕	豪桀	并兼之家,乱众之民,皆可徙〖=茂陵〗,内	moral_type
112_平津侯主父列传.tagged.md	228	宾客	馀年〗,身不得遂,亲不以为子,昆弟不收,	宾客	弃我,我戹〖%日〗久矣。	guest_retainer
112_平津侯主父列传.tagged.md	230	丈夫	[15.2] 且	丈夫	生不五〖*鼎〗食,死即五〖*鼎〗烹耳。吾	social_roles
112_平津侯主父列传.tagged.md	244	宾客	[17.2] 至〖'齐〗,遍召昆弟	宾客	,散五百〖*金〗予之,数之曰:"始吾贫时	guest_retainer
112_平津侯主父列传.tagged.md	244	宾客	予之,数之曰:"始吾贫时,昆弟不我衣食,	宾客	不我内门;今吾相〖'齐〗,诸君迎我或〖%	guest_retainer
112_平津侯主父列传.tagged.md	252	子弟	告言〖@主父偃〗受诸侯〖*金〗,以故诸侯	子弟	多以得封者。	kin_relation
112_平津侯主父列传.tagged.md	258	长者	收葬之。〖#天子〗後闻之,以为〖@孔车〗	长者	也。	social_roles
112_平津侯主父列传.tagged.md	278	宾客	〖*脱粟〗之饭,不过一〖*肉〗。故人所善	宾客	皆分奉禄以给之,无有所馀。诚内自克约而外	guest_retainer
112_平津侯主父列传.tagged.md	298	名臣	〖@赵广汉〗之属,皆有功迹见述於後。累其	名臣	,亦其次也。	minister_type
113_南越列传.tagged.md	5	豪杰	争〖=天下〗，〖=中国〗扰乱，未知所安，	豪杰	畔〖'秦〗相立。〖=南海〗僻远，吾恐盗兵	moral_type
113_南越列传.tagged.md	13	先帝	越〗者，〖@平〗言〖=好畤〗〖@陆贾〗，	先帝	时习使〖=南越〗。乃召〖@贾〗以为〖;太	ruler_subject
113_南越列传.tagged.md	25	勇士	；令辩士〖;谏大夫〗〖@终军〗等宣其辞，	勇士	〖@魏臣〗等辅其缺，〖;卫尉〗〖@路博德	scholar_warrior
115_朝鲜列传.tagged.md	29	庶人	左将军〗，擅先纵，失亡多，当诛，【赎为】	庶人	。	social_roles
117_司马相如列传.tagged.md	3	少年	## 	少年	游梁作子虚赋	moral_type
117_司马相如列传.tagged.md	18	寡人	游猎之地饶乐若此者乎？〖'楚〗王之猎何与	寡人	？'	social_roles
117_司马相如列传.tagged.md	26	壮士	楚〗王乃弭节裴回，翱翔容与，览乎阴林，观	壮士	之暴怒，与〖*猛兽〗之恐惧，徼受诎，殚睹	scholar_warrior
117_司马相如列传.tagged.md	85	子弟	[4.2] 惊惧	子弟	，忧患长老，郡又擅为转粟运输，皆非陛下之	kin_relation
117_司马相如列传.tagged.md	87	父兄	度量相越，岂不远哉！然此非独行者之罪也，	父兄	之教不先，子弟之率不谨也；寡廉鲜耻，而俗	kin_relation
117_司马相如列传.tagged.md	87	子弟	远哉！然此非独行者之罪也，父兄之教不先，	子弟	之率不谨也；寡廉鲜耻，而俗不长厚也。其被	kin_relation
117_司马相如列传.tagged.md	95	父老	## 难蜀	父老		kin_relation
117_司马相如列传.tagged.md	97	父老	谏，业已建之，不敢，乃著书，籍以〖=蜀〗	父老	为辞，而己诘难之，以风〖#天子〗，且因宣	kin_relation
117_司马相如列传.tagged.md	111	父兄	邪行横作，放弑其上。君臣易位，尊卑失序，	父兄	不辜，幼孤为奴，系累号泣，内乡而怨，曰'	kin_relation
117_司马相如列传.tagged.md	155	王者	浸黎民也。皇皇哉斯事！〖=天下〗之壮观，	王者	之丕业，不可贬也。原陛下全之。而後因杂荐	ruler_subject
118_淮南衡山列传.tagged.md	15	先帝	臣〖@福〗昧死言：〖;淮南王〗〖@长〗废	先帝	法，不听〖#天子〗诏，居处无度，为〖*黄	ruler_subject
118_淮南衡山列传.tagged.md	73	匹夫	孟子〗曰'〚纣〛贵为〖#天子〗，死曾不若	匹夫	'	social_roles
118_淮南衡山列传.tagged.md	91	宾客	因捕太子、王后，围王宫，尽求捕王所与谋反	宾客	在国中者，索得反具以闻。上下〖#公卿〗治	guest_retainer
118_淮南衡山列传.tagged.md	91	豪杰	与〖;淮南王〗谋反〖#列侯〗〖;二千石〗	豪杰	数〖%千人〗，皆以罪轻重受诛。〖;衡山王	moral_type
118_淮南衡山列传.tagged.md	93	幸臣	。而论国吏〖;二百石〗以上及比者，宗室近	幸臣	不在法中者，不能相教，当皆【免官】【削爵	minister_type
118_淮南衡山列传.tagged.md	97	宾客	山王〗闻〖;淮南王〗作为畔逆反具，亦心结	宾客	以应之，恐为所并。	guest_retainer
118_淮南衡山列传.tagged.md	101	宾客	〗，〖=令居〗外宅，多给〖*金钱〗，招致	宾客	。宾客来者，微知〖=淮南〗、〖=衡山〗有	guest_retainer
118_淮南衡山列传.tagged.md	101	宾客	=令居〗外宅，多给〖*金钱〗，招致宾客。	宾客	来者，微知〖=淮南〗、〖=衡山〗有逆计，	guest_retainer
119_循吏列传.tagged.md	31	忠臣	〗曰："不私其父，非孝子也；不奉主法，非	忠臣	也。王赦其罪，上惠也；【伏诛】而死，臣职	minister_type
120_汲郑列传.tagged.md	47	宾客	洗沐，常置驿〘马〙安诸郊，存诸故人，请谢	宾客	，〖%夜〗以继〖%日〗，至其明旦，常恐不	guest_retainer
120_汲郑列传.tagged.md	49	长者	。每朝，候上之间，说未尝不言〖=天下〗之	长者	。其推毂士及官属〖;丞史〗，诚有味其言之	social_roles
120_汲郑列传.tagged.md	51	宾客	，〖=天下〗费多，财用益匮。〖@庄〗任人	宾客	为〖;大农〗僦人，多逋负。〖@司马安〗为	guest_retainer
120_汲郑列传.tagged.md	51	庶人	守〗，发其事，〖@庄〗以此陷罪，【赎为】	庶人	。顷之，守〖;长史〗。上以为老，以〖@庄	social_roles
120_汲郑列传.tagged.md	53	宾客	，廉，内行脩絜。此〖%两人〗中废，家贫，	宾客	益落。及居郡，卒後家无馀赀财。〖@庄〗兄	guest_retainer
120_汲郑列传.tagged.md	58	宾客	@翟公〗有言，始〖@翟公〗为〖;廷尉〗，	宾客	阗门；及废，门外可设〘雀〙罗。	guest_retainer
121_儒林列传.tagged.md	23	宾客	归〖=鲁〗，退居家教，终身不出门，复谢绝	宾客	，独王命召之乃往。弟子自远方至受业者〖%	guest_retainer
121_儒林列传.tagged.md	45	长者	书奏，敏於文，口不能发明也。〖@汤〗以为	长者	，数称誉之。及〖@汤〗为〖;御史大夫〗，	social_roles
122_酷吏列传.tagged.md	23	豪桀	尉〗。其治效〖@郅都〗，其廉弗如，然宗室	豪桀	皆人人惴恐。	moral_type
122_酷吏列传.tagged.md	45	宾客	请〖@禹〗，〖@禹〗终不报谢，务在绝知友	宾客	之请，孤立行一意而已。见〖^文法〗辄取，	guest_retainer
122_酷吏列传.tagged.md	47	宾客	汤〗所言。〖@汤〗至於大吏，内行脩也。通	宾客	饮食。於故人子弟为吏及贫昆弟，调护之尤厚	guest_retainer
122_酷吏列传.tagged.md	47	子弟	〗至於大吏，内行脩也。通宾客饮食。於故人	子弟	为吏及贫昆弟，调护之尤厚。其造请诸公，不	kin_relation
122_酷吏列传.tagged.md	55	烈士	吏，〖@甲〗所以责〖@汤〗行义过失，亦有	烈士	风。	scholar_warrior
122_酷吏列传.tagged.md	73	宾客	襄〗狱〖@中〗重罪轻系〖%二百馀人〗，及	宾客	昆弟私入相视亦〖%二百馀人〗。〖@纵〗一	guest_retainer
122_酷吏列传.tagged.md	118	人主	〖@张汤〗以知〖^阴阳〗，	人主	与俱上下，时数辩当否，国家赖其便。	ruler_subject
123_大宛列传.tagged.md	71	丈夫	珣，善市贾，争分铢。俗贵女子，女子所言而	丈夫	乃决正。其地皆无*丝**漆〖*，不知铸〗	social_roles
123_大宛列传.tagged.md	75	壮士	天子〗既好〖~宛〗〖*马〗，闻之甘心，使	壮士	〖@车令〗等持〖*千金〗及〖*金马〗以请	scholar_warrior
123_大宛列传.tagged.md	75	少年	军〗，发〖;属国〗〖%六千骑〗，及郡国恶	少年	〖%数万人〗，以往伐〖~宛〗。期至〖=贰	moral_type
123_大宛列传.tagged.md	79	少年	者〖@邓光〗等，赦囚徒〖;材官〗，益发恶	少年	及边骑，〖%岁馀〗而出〖=敦煌〗者〖%六	moral_type
123_大宛列传.tagged.md	87	子弟	军〗之东，诸所过小国闻〖~宛〗破，皆使其	子弟	从军入献，见〖#天子〗，因以为质焉。〖;	kin_relation
124_游侠列传.tagged.md	1	游侠	# 	游侠	列传	guest_retainer
124_游侠列传.tagged.md	3	游侠	## 	游侠	总论	guest_retainer
124_游侠列传.tagged.md	5	游侠	死而已〖%四百馀年〗，而弟子志之不倦。今	游侠	，其行虽不轨于〔正义〕，然其言必信，其行	guest_retainer
124_游侠列传.tagged.md	11	布衣	若卑论侪俗，与世沈浮〖*而取〗荣名哉！而	布衣	之徒，设取予然诺，〖%千里〗诵义，为死不	social_roles
124_游侠列传.tagged.md	13	布衣	## 	布衣	之侠	social_roles
124_游侠列传.tagged.md	15	布衣	[4] 古	布衣	之侠，靡得而闻已。近世〖@延陵〗、〖@孟	social_roles
124_游侠列传.tagged.md	15	游侠	比周，设财役贫，豪暴侵凌孤弱，恣欲自快，	游侠	亦丑之。余悲世俗不察其意，而猥以〖@朱家	guest_retainer
124_游侠列传.tagged.md	21	少年	。〖@剧孟〗行大类〖@朱家〗，而好博，多	少年	之戏。然〖@剧孟〗母死，自远方送丧盖〖%	moral_type
124_游侠列传.tagged.md	31	少年	故，乃〖@解〗使脱之。箕踞者乃肉袒谢罪。	少年	闻之，愈益慕〖@解〗之行。	moral_type
124_游侠列传.tagged.md	39	布衣	"〖@郭解〗〖@家〗贫不中徙。"上曰："	布衣	权至使〖;将军〗为言，此其〖@家〗不贫。	social_roles
124_游侠列传.tagged.md	41	布衣	;御史大夫〗〖@公孙弘〗议曰："〖@解〗	布衣	为任侠行权，以睚眦杀人，〖@解〗虽弗知，	social_roles
124_游侠列传.tagged.md	51	游侠		游侠	豪倨，藉藉有声。	guest_retainer
126_滑稽列传.tagged.md	33	主上	世〗立，又欲漆其城。〖@优旃〗曰："善。	主上	虽无言，臣固将请之。漆城虽於百姓愁费，然	ruler_subject
126_滑稽列传.tagged.md	43	人主	〖@郭舍人〗者，发言陈辞虽不合大道，然令	人主	和说。〖@武帝〗少时，〖@东武侯〗母常养	ruler_subject
126_滑稽列传.tagged.md	43	幸臣	母〗"。率〖%一月〗再朝。朝奏入，有诏使	幸臣	〖@马游卿〗以〖*帛〗〖%五十匹〗赐〖*	minister_type
126_滑稽列传.tagged.md	43	人主	壮矣，宁尚须汝乳而活邪？尚何还顾！"於是	人主	怜焉悲之，乃下诏止无徙〖*乳母〗，罚谪谮	ruler_subject
126_滑稽列传.tagged.md	47	人主	车令〗〖%两人〗共持举其书，仅然能胜之。	人主	从上方读之，止，辄乙其处，读之〖%二月〗	ruler_subject
126_滑稽列传.tagged.md	47	人主	;郎〗，常在侧〖;侍中〗。数召至前谈语，	人主	未尝不说也。时诏赐之食於前。饭已，尽怀其	ruler_subject
126_滑稽列传.tagged.md	47	人主	去，更取妇。所赐〖*钱〗财尽索之於女子。	人主	左右诸郎半呼之"狂人"。人主闻之，曰："	ruler_subject
126_滑稽列传.tagged.md	47	人主	索之於女子。人主左右诸郎半呼之"狂人"。	人主	闻之，曰："令〖@朔〗在事〔无为〕是行者	ruler_subject
126_滑稽列传.tagged.md	53	处士	所以日夜孜孜，修学行道，不敢止也。今世之	处士	，时虽不用，崛然独立，塊然独处，上观〖@	scholar_warrior
126_滑稽列传.tagged.md	63	人主	〖%千斤〗，诚以其半赐〖@王夫人〗之亲，	人主	闻之必喜。此所谓奇策便计也。"〖;卫将军	ruler_subject
126_滑稽列传.tagged.md	79	父老	至为〚河伯〛娶妇时，原〖^三老〗、巫祝、	父老	送女〖=河上〗，幸来告语之，吾亦往送女。	kin_relation
126_滑稽列传.tagged.md	83	父老	^驰道〗合三渠为一〖*桥〗。〖=鄴〗民人	父老	不肯听〖;长吏〗，以为〖@西门君〗所为也	kin_relation
127_日者列传.tagged.md	5	王者	[0] 自古受命而王，	王者	之兴何尝不以〖^卜筮〗决於〔天命〕哉！其	ruler_subject
127_日者列传.tagged.md	17	长者	今夫子所贤者何也？所高者谁也？今何以卑汙	长者	？"	social_roles
127_日者列传.tagged.md	25	童子	〖@司马季主〗曰："公且安坐。公见夫被发	童子	乎？〖!日月〗照之则行，不照则止，问之〖	moral_type
127_日者列传.tagged.md	29	主上	也。初试官时，倍力为巧诈，饰虚功执空文以	主上	，用居上为右；试官不让贤陈功，见伪增实，	ruler_subject
127_日者列传.tagged.md	35	忠臣	事，此有〖^礼〗也。言而〚鬼神〛或以飨，	忠臣	以事其上，孝子以养其亲，慈父以畜其子，此	minister_type
127_日者列传.tagged.md	43	人主	人乎？虑事定计，必是人也，然不能以一言说	人主	意，故言必称〖#先王〗，语必道上古；虑事	ruler_subject
127_日者列传.tagged.md	43	人主	计，饰〖#先王〗之成功，语其败害，以恐喜	人主	之志，以求其欲。多言夸严，莫大於此矣。然	ruler_subject
127_日者列传.tagged.md	45	长者	多其功利，不求尊誉。公之等喁喁者也，何知	长者	之道乎！"	social_roles
127_日者列传.tagged.md	71	妇人	〖@黄直〗，〖;大夫〗也；〖@陈君夫〗，	妇人	也：以相〖*马〗立名〔天下〕。	social_roles
128_龟策列传.tagged.md	5	王者	〖'殷〗兴，〘百穀〙之筮吉故〖'周〗王。	王者	决定诸疑，参以〖^卜筮〗，断以〖^蓍龟〗	ruler_subject
128_龟策列传.tagged.md	29	王者	甲。〖^龟〗〖%千岁〗乃满尺〖%二寸〗。	王者	发军行将，必钻〖^龟〗庙堂之上，以决〔吉	ruler_subject
128_龟策列传.tagged.md	31	匹夫	上。左胁书文曰：'甲〖@子重〗光，得我者	匹夫	为人君，有土正，诸侯得我为〖#帝王〗。'	social_roles
128_龟策列传.tagged.md	37	王者	家终杀之。杀之後，身死，家不利。人民与君	王者	异道。人民得名〖^龟〗，其状类不宜杀也。	ruler_subject
128_龟策列传.tagged.md	41	寡人	。乃召〖;博士〗〖@卫平〗而问之曰："今	寡人	梦见一丈夫，延颈而长头，*衣**玄绣〖*	social_roles
128_龟策列传.tagged.md	41	丈夫	博士〗〖@卫平〗而问之曰："今寡人梦见一	丈夫	，延颈而长头，*衣**玄绣〖*之〗衣**	social_roles
128_龟策列传.tagged.md	41	寡人	绣〖*之〗衣**而乘**辎车*，来见梦於	寡人	曰：'我为〖=江〗使於〖=河〗，而幕网当	social_roles
128_龟策列传.tagged.md	47	寡人	〗见而怪之，问〖@卫平〗曰："〖^龟〗见	寡人	，延颈而前，以何望也？缩颈而复，是何当也	social_roles
128_龟策列传.tagged.md	51	寡人	。在患难中。以我为贤。德厚而忠信，故来告	寡人	。寡人若不遣也，是渔者也。渔者利其〖*肉	social_roles
128_龟策列传.tagged.md	51	寡人	难中。以我为贤。德厚而忠信，故来告寡人。	寡人	若不遣也，是渔者也。渔者利其〖*肉〗，寡	social_roles
128_龟策列传.tagged.md	51	寡人	人若不遣也，是渔者也。渔者利其〖*肉〗，	寡人	贪其力，下为不仁，上为无德。君臣无〖^礼	social_roles
128_龟策列传.tagged.md	51	寡人	仁，上为无德。君臣无〖^礼〗，何从有福？	寡人	不忍，柰何勿遣！"	social_roles
128_龟策列传.tagged.md	55	侯王	彊，其势不成；〖;大将〗不彊，卒不使令；	侯王	不彊，没世无名。故云彊者，事之始也，分之	ruler_subject
128_龟策列传.tagged.md	57	寡人	死不葬。头悬〖*车〗轸，〖%四马〗曳行。	寡人	念其如此，肠如涫汤。是人皆富有〔天下〕而	social_roles
128_龟策列传.tagged.md	57	寡人	。不用忠信，听其谀臣，而为〔天下〕笑。今	寡人	之邦，居诸侯之间，曾不如秋毫。举事不当，	social_roles
128_龟策列传.tagged.md	57	侯王	不用手足，雷电将之；风雨送之，流水行之。	侯王	有德，乃得当之。〖;今王〗有德而当此宝，	ruler_subject
129_货殖列传.tagged.md	13	匹夫	家〗〖;之侯〗，百室之君，尚犹患贫，而况	匹夫	编户之民乎！	social_roles
129_货殖列传.tagged.md	27	王者	〖=邯郸〗〖@郭纵〗以〖*铁〗冶成业，与	王者	埒富。	ruler_subject
129_货殖列传.tagged.md	35	豪杰	〔天下〕，交易之物莫不通，得其所欲，而徙	豪杰	诸侯彊族於〖=京师〗。	moral_type
129_货殖列传.tagged.md	43	王者	〖'三河〗在〔天下〕之中，若〖*鼎〗足，	王者	所更居也，建国各〖%数百千岁〗，土地小狭	ruler_subject
129_货殖列传.tagged.md	43	丈夫	〖@纣〗淫地馀民，民俗懁急，仰机利而食。	丈夫	相聚游戏，悲歌慷慨，起则相随椎剽，休则掘	social_roles
129_货殖列传.tagged.md	63	子弟	、〖@王濞〗〖%三人〗招致〔天下〕之喜游	子弟	，东有〖*海盐〗之饶，〖=章山〗之〖*铜	kin_relation
129_货殖列传.tagged.md	65	丈夫	'南楚〗好辞，巧说少信。〖=江南〗卑湿，	丈夫	早夭。多〘竹木〙。〖=豫章〗出〖*黄金〗	social_roles
129_货殖列传.tagged.md	75	壮士	富。富者，人之情性，所不学而俱欲者也。故	壮士	在军，攻城先登，陷阵卻敌，斩将搴旗，前蒙	scholar_warrior
129_货殖列传.tagged.md	75	少年	避汤〖*火〗之难者，为重赏使也。其在闾巷	少年	，攻剽椎埋，劫人作奸，掘冢铸币，任侠并兼	moral_type
129_货殖列传.tagged.md	79	处士	资也，不窥市井，不行异邑，坐而待收，身有	处士	之义而取给焉。若至〖@家〗贫亲老，妻子软	scholar_warrior
129_货殖列传.tagged.md	93	父兄	，以〖*铁〗冶起，富至巨万。然〖@家〗自	父兄	子孙约，俯有拾，仰有取，贳贷行贾遍郡国。	kin_relation
129_货殖列传.tagged.md	99	主上	得饮〗酒〖*食〗肉。以此为闾里率，故富而	主上	重之。	ruler_subject
129_货殖列传.tagged.md	111	王者	*千金〗之〖@家〗比一都之君，巨万者乃与	王者	同乐。岂所谓"〖^素封〗"者邪？非也？	ruler_subject
130_太史公自序.tagged.md	24	人主	[2.4] 〖^儒者〗则不然。以为	人主	〔天下〕之仪表也，主倡而臣和，主先而臣随	ruler_subject
130_太史公自序.tagged.md	61	忠臣	》放绝。今〖'汉〗兴，海内一统，明主贤君	忠臣	死义之士，余为〖;太史〗而弗论载，废〔天	minister_type
130_太史公自序.tagged.md	94	主上	尽其意。且士〔贤能〕而不用，有国者之耻；	主上	明圣而德不布闻，〖;有司〗之过也。且余尝	ruler_subject
130_太史公自序.tagged.md	120	豪桀	[26.1] 〖'秦〗失其道，	豪桀	并扰；〖@项梁〗业之，〖@子羽〗接之；杀	moral_type
130_太史公自序.tagged.md	162	子弟	[40.1] 诸侯既彊，〖'七国〗为从，	子弟	众多，无爵封邑，〖^推恩〗行义，其埶销弱	kin_relation
130_太史公自序.tagged.md	164	名臣	## [41] 汉兴以来将相	名臣	年表	minister_type
130_太史公自序.tagged.md	165	名臣	民之师表也。维见〖'汉〗兴以来将〖;相〗	名臣	年表，贤者记其治，不贤者彰其事。作汉兴以	minister_type
130_太史公自序.tagged.md	165	名臣	其治，不贤者彰其事。作汉兴以来〖#将相〗	名臣	年表第十。	minister_type
130_太史公自序.tagged.md	291	王者	[83.1] 自古	王者	而有《司马法》，〖@穰苴〗能申明之。作〖	ruler_subject
130_太史公自序.tagged.md	470	游侠	## [143] 	游侠	列传	guest_retainer
130_太史公自序.tagged.md	471	游侠	仁者有乎；不既信，不倍言，义者有取焉。作	游侠	列传第六十四。	guest_retainer
130_太史公自序.tagged.md	486	布衣	[148.1] 	布衣	匹夫之人，〖@不害〗於政，不妨百姓，取与	social_roles
130_太史公自序.tagged.md	486	匹夫	[148.1] 布衣	匹夫	之人，〖@不害〗於政，不妨百姓，取与以时	social_roles
130_太史公自序.tagged.md	495	主上	，运行，辅拂股肱之臣配焉，忠信行道，以奉	主上	，作三十〔世家〕。扶义俶傥，不令己失时，	ruler_subject