词	出现次数	实体类型
群臣	202	官职$
左右	158	
发兵	157	
引兵	114	
宾客	94	
兄弟	78	
昆弟	60	
海内	52	
率诸	48	
国家	47	
宗室	47	
财物	45	
诸公	45	
略地	43	
军中	42	
臣窃	42	
首虏	41	
罢兵	40	
说王	40	
先帝	40	
食邑	40	官职$
壮士	38	
饮食	37	
後宫	37	地名=
享国	36	
郡国	36	
恭侯	36	官职$
父母	35	
同姓	35	
顿首	35	
郡县	35	
举兵	35	
南面	34	
布衣	33	
县官	32	
臣等	31	
父兄	31	
王必	30	
骨肉	30	
割地	30	
外国	30	
吏民	29	
成功	28	
国中	28	
名山	28	地名=
彊国	27	
必欲	27	
诸吕	27	
亲戚	26	
黔首	26	
遗书	26	
侵地	26	
靖王	26	
后土	25	
母弟	25	
盗贼	25	
精兵	25	
就国	25	
阳侯	25	官职$
王室	24	
举事	24	
女弟	24	
元元	24	
豪桀	24	
臣原	24	地名=
男女	23	
苗裔	23	
父老	23	
王反	23	
谢病	22	
衣食	21	
城郭	21	
北面	21	
同母	21	
虏王	21	
宫中	21	
城中	21	
辩士	21	
发觉	21	
公弟	21	
著书	21	
王王	21	
原王	21	
欲发	20	
约束	20	
肉袒	20	
嘉元	20	
侯张	20	
捕虏	20	
城邑	20	
王功	19	
兵革	19	
诸儒	19	
臣恐	19	
西乡	19	
军功	19	
反国	19	
王欲	19	
风雨	18	
国政	18	
公室	18	
相距	18	
许诺	18	
收兵	18	
馀城	18	地名=
持节	18	
始列	18	
晋率	18	
成元	18	
阴事	18	
商贾	18	
稽首	17	
股肱	17	
侯兵	17	
相望	17	
饮酒	17	
恐天	17	
明主	17	
王诸	17	
病免	17	
敌国	17	
吉凶	17	
游说	17	
母家	16	
兵罢	16	
尊卑	16	
偃元	16	
河闲	16	
田宅	16	
先登	16	
腹心	16	
反间	16	
奇兵	16	
臣诊	16	
女妻	15	
致天	15	
渡河	15	地名=
圣王	15	思想〔〕
边邑	15	
国兵	15	
地动	15	
王始	15	
臣议	15	
东乡	15	
欲反	15	
诸神	15	
国元	15	
侯吕	15	
侯赵	15	
唯独	15	
公叔	15	
读书	15	
冯驩	15	
侯相	14	官职$
通道	14	
曾孙	14	
先祖	14	
天道	14	思想〔〕
东西	14	
侯通	14	
国事	14	
仰天	14	
群盗	14	
地可	14	
士民	14	
穷困	14	
反地	14	
王许	14	
家室	14	
报仇	14	
侯始	14	
光元	14	
赵敬	14	
绝祀	14	
属汉	14	
前後	14	
敬肃	14	
侯偃	14	
功比	14	
原陛	14	
门外	14	
必先	14	
西面	14	
吕太	14	
帝位	13	
呜呼	13	
利害	13	
发丧	13	
室卑	13	
季父	13	
狱吏	13	
南北	13	
可致	13	
粮食	13	
蚕食	13	
变化	13	思想〔〕
名姓	13	
须臾	13	
豪杰	13	
军门	13	
後必	13	
老父	13	
酒酣	13	
犹豫	13	
臣谨	13	
牢具	13	
奉祠	13	
厘公	13	
中元	13	
昌元	13	
平元	13	
简侯	13	官职$
旦暮	13	
敝邑	13	
娶女	12	
天神	12	
举国	12	
追尊	12	
事王	12	
招致	12	
王弟	12	
兵欲	12	
相属	12	
唯恐	12	
事成	12	
劳苦	12	
骸骨	12	
後悔	12	
连兵	12	
擅权	12	
诸王	12	
亲属	12	
公宫	12	地名=
彊兵	12	
楚元	12	
侯嘉	12	
前元	12	
奴元	12	
阴侯	12	官职$
氏事	12	
家属	12	
颜色	12	
律中	12	
宠姬	12	
涕泣	12	
传舍	12	
臣事	12	
脉法	12	
东巡	11	
淫乱	11	
侯畔	11	
功业	11	
好利	11	
馀民	11	
示天	11	
始霸	11	
欲内	11	
率师	11	
徇地	11	
膏腴	11	
裂地	11	
军东	11	
欲王	11	
臣诸	11	
奉诏	11	
奉宗	11	
忍致	11	
国乱	11	
朔元	11	
公欲	11	
侯平	11	
汉兵	11	
削地	11	
武元	11	
福元	11	
害元	11	
初元	11	
王恐	11	
兵初	11	
侯它	11	
侯武	11	
侯福	11	
畔逆	11	
功名	11	
相应	11	
欲求	11	
谢罪	11	
争彊	11	
王事	11	
事中	11	
同俗	11	
宿卫	11	
爵邑	11	
常欲	10	
黎民	10	
卑湿	10	
侯毕	10	
东土	10	
王田	10	
国必	10	
徵兵	10	
適嗣	10	
游士	10	
侯各	10	
海中	10	
帷帐	10	
内应	10	
殿门	10	
骄恣	10	
响应	10	
王天	10	
泽中	10	
连和	10	
飨士	10	
妇女	10	
可柰	10	
兵彊	10	
事发	10	
外家	10	
等议	10	
勒兵	10	
候神	10	
山中	10	
国名	10	
彊元	10	
王母	10	
争宠	10	
相王	10	
宣太	10	
闾巷	10	
中地	10	
后兄	10	
东牟	10	
狩元	10	
奉车	10	
侯庆	10	
侯周	10	
侯延	10	
楚反	10	
提格	10	
甘心	10	
娶妇	10	
宫门	10	
意欲	10	
拾遗	10	
显名	10	
委质	10	
经术	10	
原先	10	
孙奭	10	
邻国	10	
度量	9	
雌雄	9	
手足	9	
侯群	9	
美女	9	
天性	9	
兵距	9	
母女	9	
筑城	9	地名=
怪物	9	
侯彊	9	
锐师	9	
欲事	9	
军士	9	
镇抚	9	
异母	9	
倍约	9	
仇雠	9	
遗诏	9	
忌讳	9	
威振	9	
西略	9	
军必	9	
兵渡	9	地名=
狐疑	9	
事必	9	
军旅	9	
王侯	9	官职$
状貌	9	
公等	9	
追北	9	
军南	9	
女主	9	
外孙	9	
尚可	9	
动摇	9	
侯宗	9	
赂遗	9	
臣尝	9	
好音	9	
租税	9	
陵迟	9	
婴元	9	
章元	9	
泽元	9	
陵侯	9	官职$
通元	9	
尊宠	9	
侯成	9	
侯许	9	
决疑	9	
国反	9	
端蒙	9	
游兆	9	
奉邑	9	
恐祸	9	
专权	9	
羁旅	9	
东道	9	
氏女	9	
拊循	9	
原公	9	
老臣	9	
吏捕	9	
姓氏	9	族群~
洗沐	9	
反覆	9	
李太	9	
奉法	9	
报王	9	
王句	9	
游诸	9	
郡中	9	
卻敌	9	
控弦	9	
民间	8	
後母	8	
仓廪	8	
异物	8	
可成	8	
嬖臣	8	
祖考	8	
政事	8	
奇物	8	
稼穑	8	
收馀	8	
道路	8	
遗风	8	
劝王	8	
兵助	8	
劳军	8	
灭宗	8	
边境	8	
昼晦	8	
馀家	8	
食饮	8	
籓臣	8	
收天	8	
海求	8	
医药	8	
禁中	8	
逐北	8	
区区	8	
罢敝	8	
瓦解	8	
扰乱	8	
兵属	8	
势必	8	
母妻	8	
内诸	8	
瞋目	8	
负约	8	
馀兵	8	
欲西	8	
慷慨	8	
面目	8	
诸客	8	
乡邑	8	
地形	8	
兵袭	8	
王独	8	
争权	8	
兵临	8	
产业	8	
汤沐	8	
兵必	8	
舅父	8	
延寿	8	
冠盖	8	
盖相	8	官职$
异姓	8	
求神	8	
争事	8	
神通	8	
腹中	8	
群儒	8	
祭天	8	礼仪〈〉
边兵	8	
贼臣	8	
敖元	8	
假道	8	
阳元	8	
秦军	8	
庆元	8	
鼎元	8	
贺元	8	
侯婴	8	
侯泽	8	地名=
始元	8	
侯辟	8	
侯戎	8	族群~
应元	8	
相侯	8	官职$
侯昌	8	
侯卫	8	
事昭	8	
驰骋	8	
异国	8	
军事	8	
阴气	8	
单阏	8	
执徐	8	
彊梧	8	
徒维	8	
祝犁	8	
国可	8	
国相	8	官职$
血食	8	礼仪〈〉
溉田	8	
奴婢	8	
兵绝	8	
侯宾	8	
徒属	8	
成名	8	
爵禄	8	
空虚	8	
兵事	8	
叩头	8	
耕田	8	
父偃	8	
免冠	8	
好读	8	
臣汤	8	
骚动	8	
蒉聩	8	
硃亥	8	
原足	8	
诊脉	8	
水草	8	动植物〘〙
捕首	8	
北逐	7	
鸿水	7	地名=
水土	7	
山泽	7	地名=
论次	7	
太平	7	
乱天	7	
王家	7	
赋税	7	
林中	7	
游戏	7	
养老	7	
先驱	7	
王明	7	
群公	7	
王业	7	
节俭	7	
光明	7	
王太	7	
後可	7	
後嗣	7	
反王	7	
争利	7	
畜产	7	
骨髓	7	
垂涕	7	
哭泣	7	
毕贺	7	
欲东	7	
尊官	7	
东帝	7	
委国	7	
城坏	7	
西界	7	
尊号	7	
东游	7	
武士	7	
论功	7	
臣昧	7	
成事	7	
休息	7	
士等	7	
转输	7	
北渡	7	地名=
监门	7	
外攘	7	
事急	7	
豪俊	7	
可全	7	
闭关	7	地名=
本末	7	
前事	7	
適戍	7	
同列	7	
文书	7	
臣主	7	
婴兒	7	
豪吏	7	
军西	7	
相持	7	
北乡	7	
肥饶	7	
王相	7	官职$
必悔	7	
王可	7	
转漕	7	
太息	7	
欲急	7	
吏士	7	
坚壁	7	地名=
运筹	7	
筹策	7	
国诸	7	
就舍	7	
殿中	7	
填抚	7	
尊位	7	
罢军	7	
祝诅	7	
官属	7	
欲袭	7	
改历	7	
好儒	7	
先後	7	
常奉	7	
神祠	7	
兢兢	7	
恭王	7	
後王	7	
明天	7	
元前	7	
说元	7	
好兵	7	
午元	7	
王臣	7	
臣元	7	
臣始	7	
王章	7	
专国	7	
内乱	7	
边郡	7	
疑元	7	
禄元	7	
乐成	7	
明元	7	
买元	7	
侯功	7	
侯买	7	
侯贺	7	
侯执	7	
侯勃	7	
侯应	7	
侯中	7	
肺腑	7	
侯苏	7	
充国	7	
禄勋	7	
地节	7	
反事	7	
彊弩	7	
反状	7	
籓辅	7	
文章	7	
恭敬	7	
心感	7	
敦牂	7	
商横	7	
涒滩	7	
横艾	7	
尚章	7	
困敦	7	
变色	7	
国彊	7	
权衡	7	
震天	7	
报天	7	
困辱	7	
山海	7	地名=
诸官	7	
畜牧	7	
获罪	7	刑法【】
内空	7	
说诸	7	
内宠	7	
树党	7	
移兵	7	
接境	7	
邑中	7	
负海	7	地名=
带甲	7	
北略	7	
遗王	7	
东籓	7	
肆志	7	
公必	7	
滑稽	7	
赵赵	7	
延颈	7	
欲彊	7	
程姬	7	
老母	7	
後期	7	
道绝	7	
宰嚭	7	
肠胃	7	
名声	7	
谿谷	7	地名=
晏驾	7	
刎颈	7	
致法	7	
众医	7	
火齐	7	
寒热	7	
关市	7	
获王	7	
兵威	7	
聪明	6	
官名	6	
郁郁	6	
遍天	6	
丧毕	6	
摄政	6	
奉先	6	
荐绅	6	
率兵	6	
僇辱	6	
淫乐	6	
好女	6	
续祀	6	
文身	6	
民和	6	
阅实	6	
必致	6	
王御	6	
王後	6	
奉祀	6	
亲亲	6	
致伯	6	
後诸	6	
王病	6	
力事	6	
乞食	6	
实欲	6	
良臣	6	
倍盟	6	
兵追	6	
力政	6	
西帝	6	
逐客	6	
王患	6	
东收	6	
平地	6	
残贼	6	
内外	6	
臣相	6	官职$
求仙	6	
祷祠	6	
宇内	6	
险阻	6	
决事	6	
珍怪	6	
牺牲	6	
积功	6	
振恐	6	
等反	6	
欲易	6	
臣公	6	
奉天	6	
阻险	6	
席卷	6	
乡风	6	
府中	6	
部署	6	
首事	6	
骄色	6	
侯军	6	
婚姻	6	
南乡	6	
臣奉	6	
发难	6	
烧夷	6	族群~
民父	6	
太半	6	
诸吏	6	
诸郡	6	
宜可	6	
积粟	6	
绝河	6	地名=
民众	6	
乏食	6	
独身	6	
渡淮	6	
沐邑	6	
哀怜	6	
候伺	6	
议欲	6	
阿意	6	
庙社	6	
中野	6	地名=
王书	6	
谨奉	6	
相约	6	
罢官	6	
缓急	6	
临天	6	
尝欲	6	
谦让	6	
後常	6	
怪迂	6	
神事	6	
祠神	6	
欲致	6	
祠后	6	
祭后	6	
赞飨	6	
国各	6	
念诸	6	
楚熊	6	
驰说	6	
袒谢	6	
秦虏	6	
昭元	6	
土地	6	
干侯	6	官职$
西羌	6	族群~
权变	6	
相类	6	
度河	6	地名=
楚怀	6	
涉河	6	地名=
列城	6	地名=
北绝	6	
形势	6	
骄奢	6	
祖元	6	
恢元	6	
王吕	6	
寄元	6	
延元	6	
属淮	6	
侯禄	6	
炀侯	6	官职$
悼武	6	
它元	6	
擅发	6	
南宫	6	地名=
内侯	6	官职$
客元	6	
水中	6	
侯章	6	
侯卢	6	
侍太	6	
侯韩	6	
王庭	6	
幕府	6	官职$
吏事	6	
邑王	6	
灭国	6	
名臣	6	
整齐	6	
欲相	6	官职$
名显	6	
财匮	6	
王举	6	
血脉	6	
精神	6	
中央	6	
名士	6	
市井	6	
禨祥	6	
荒落	6	
弋猎	6	
水旱	6	
图籍	6	
兵相	6	官职$
匡天	6	
巫祝	6	
各异	6	
必报	6	
穿渠	6	
民田	6	
欲通	6	
侵盗	6	
奢侈	6	
发车	6	
田畜	6	
王宫	6	地名=
国内	6	
国本	6	
执事	6	
欲亲	6	
臣欲	6	
说公	6	
犹可	6	
报雠	6	
欲释	6	
首谢	6	
外交	6	
欲先	6	
伏兵	6	
名实	6	思想〔〕
可图	6	
尊主	6	
折节	6	
王左	6	
荣名	6	
权利	6	
唯唯	6	
灭氏	6	族群~
疑事	6	
填沟	6	
沟壑	6	
变名	6	
呼哀	6	
惊恐	6	
承间	6	
内臣	6	
饮药	6	
指示	6	
冠谢	6	
杜门	6	
逮捕	6	
孙诡	6	
地图	6	
烈士	6	
天雨	6	
欲就	6	
家累	6	
谀臣	6	
兵休	6	
奉阳	6	
军军	6	
求割	6	
仆妾	6	
张禄	6	
河中	6	
承意	6	
论议	6	
加兵	6	
夷门	6	
圣主	6	
食物	6	
势利	6	
爵列	6	
捕王	6	
相工	6	
结发	6	
臣切	6	
阳明	6	
随畜	6	
书谢	6	
舞文	6	
象天	5	
群神	5	
南巡	5	
践位	5	
穿井	5	
帝功	5	
平水	5	地名=
先祀	5	
田中	5	
面谀	5	
土功	5	
修政	5	
材力	5	
续後	5	
旁国	5	
室屋	5	
心欲	5	
恐诸	5	
脩政	5	
南国	5	
地震	5	
交疏	5	
策论	5	
必可	5	
避难	5	
初县	5	
臣常	5	
地东	5	
开地	5	
室微	5	
侯力	5	
平乱	5	
外事	5	
东地	5	
车裂	5	刑法【】
客游	5	
矫王	5	
他国	5	
王觉	5	
雨雪	5	
等昧	5	
事业	5	
本始	5	
嫌疑	5	
坏城	5	地名=
师旅	5	
相反	5	
诏捕	5	
袭号	5	
相传	5	
呼天	5	
欲罢	5	
中诸	5	
关梁	5	
庸主	5	
要害	5	
馀力	5	
伏尸	5	
馀烈	5	
可同	5	
民罢	5	
王怀	5	
诈力	5	
狱掾	5	
县中	5	
欲举	5	
坚执	5	
执锐	5	
境内	5	
帐中	5	
威震	5	
冠诸	5	
城略	5	
脱身	5	
王地	5	
侯罢	5	
相随	5	
王急	5	
西门	5	
绝粮	5	
兵解	5	
平明	5	
先尝	5	
廷中	5	
中豪	5	
主吏	5	
文吏	5	
恐事	5	
王素	5	
面事	5	
苦兵	5	
掘冢	5	
粮道	5	
变事	5	
歌诗	5	
厕中	5	
面折	5	
尊父	5	
齐民	5	
位次	5	
军北	5	
气力	5	
游猎	5	
夷灭	5	
灭诸	5	
兆民	5	
中外	5	
劳天	5	
盖天	5	
嫁女	5	
宫殿	5	地名=
通关	5	地名=
祖宗	5	
侍祠	5	
祠天	5	
色事	5	
利事	5	
内中	5	
尝游	5	
帷中	5	
供具	5	
天瑞	5	
巡郡	5	
器物	5	
巡祭	5	
诸物	5	
宿地	5	
祝祠	5	
士求	5	
塞决	5	
诸名	5	
羁縻	5	
厘侯	5	官职$
侯恣	5	
和元	5	
侯光	5	
伤王	5	
捷元	5	
公夷	5	族群~
楚兵	5	
王商	5	
专政	5	
坚元	5	
公午	5	
始通	5	
让位	5	
楚率	5	
包胥	5	
越元	5	
王辟	5	
相张	5	
王北	5	
侯魏	5	
劫王	5	
秦灭	5	
王嘉	5	
王负	5	
宗彊	5	
王张	5	
侯地	5	
国邑	5	
意元	5	
王志	5	
平昌	5	
王彭	5	
济东	5	
遗元	5	
根本	5	
侯山	5	地名=
兵先	5	
吕泽	5	地名=
军食	5	
侯遗	5	
侯坚	5	
圉侯	5	官职$
豨反	5	
侯奴	5	
侯越	5	族群~
侯客	5	
侯彭	5	
侯种	5	
乐昌	5	
后弟	5	
楚功	5	
绝和	5	
孙贺	5	
龙镪	5	
杨敞	5	
平恩	5	
欲传	5	
刘嘉	5	
相位	5	
力田	5	
兵屯	5	
洋洋	5	
诈伪	5	
次序	5	
功成	5	
承祖	5	
侏儒	5	
足怪	5	
边民	5	
同类	5	
消息	5	
显诸	5	
乱臣	5	
反逆	5	
可举	5	
覆军	5	
好事	5	
润泽	5	地名=
俯仰	5	
符瑞	5	
沃野	5	地名=
累巨	5	
通西	5	
谄谀	5	
求利	5	
交易	5	
荡荡	5	
熙熙	5	
尝事	5	
私通	5	
次弟	5	
欲许	5	
闭门	5	
持兵	5	
揖让	5	
决狱	5	
伏甲	5	
罢酒	5	
醇酒	5	
逆天	5	
臣可	5	
兵侵	5	
发国	5	
持满	5	
尊室	5	
先事	5	
间道	5	
右臂	5	
劲兵	5	
苦身	5	
发书	5	
借兵	5	
祸必	5	
敝国	5	
注意	5	
主家	5	
发愤	5	
等家	5	
足恃	5	
霸天	5	
后欲	5	
国阴	5	
中兵	5	
皇太	5	
充後	5	
兵反	5	
争功	5	
城野	5	地名=
家僮	5	
结宾	5	
独可	5	
坟墓	5	
独柰	5	
纵反	5	
绛勃	5	
呕血	5	
罍樽	5	
患害	5	
通经	5	
独王	5	
好气	5	
縲绁	5	
事情	5	
尝食	5	
明约	5	
右手	5	
鸱夷	5	族群~
仲弓	5	
相率	5	
事相	5	官职$
发吏	5	
发明	5	
馆舍	5	
河漳	5	
朋党	5	
公家	5	
明诏	5	
收诸	5	
辐凑	5	
兵可	5	
休士	5	
私家	5	
好客	5	
形容	5	
王跽	5	
寒心	5	
范叔	5	
好书	5	
帝业	5	
昌国	5	
乐臣	5	
狱中	5	
足道	5	
彊力	5	
先主	5	
髡钳	5	
乞骸	5	
奉职	5	
臣饮	5	
怀诈	5	
阴脉	5	
诊病	5	
避席	5	
病主	5	
络脉	5	
中热	5	
溲血	5	
迵风	5	
主藏	5	
气通	5	
陂池	5	地名=
军屯	5	
外臣	5	
馀级	5	
後发	5	
游侠	5	
文巧	5	
巧诋	5	
主意	5	
爪牙	5	
督盗	5	
土著	5	
陛楯	5	
巫妪	5	
相侵	4	
振兵	4	
山通	4	
顺天	4	
幽明	4	
水火	4	
浩浩	4	
山林	4	
悲哀	4	
凶慝	4	
相事	4	
民各	4	
致功	4	
践帝	4	
绅先	4	
让天	4	
可亲	4	
海滨	4	
孳孳	4	
辅成	4	
元首	4	
王率	4	
诸弟	4	
唯天	4	
中绝	4	
详狂	4	
务耕	4	
身断	4	
断发	4	
侯顺	4	
昏乱	4	
虎贲	4	
奉明	4	
面就	4	
赎罪	4	刑法【】
祸成	4	
举烽	4	
嬖姬	4	
奉王	4	
案兵	4	
徵甲	4	
前功	4	
侯约	4	
军解	4	
军相	4	官职$
劳神	4	
交争	4	
女好	4	
臣弑	4	
布惠	4	
东平	4	
致胙	4	
田开	4	
王冠	4	
王游	4	
窥室	4	
士伍	4	
馀县	4	
锐兵	4	
丧事	4	
修先	4	
致霸	4	
北收	4	
致宾	4	
军罢	4	
书说	4	
恐他	4	
诸尝	4	
王东	4	
始约	4	
兵吏	4	
眇眇	4	
赖宗	4	
弟同	4	
文字	4	
平天	4	
和平	4	
休烈	4	
纲纪	4	
贪戾	4	
臣诵	4	
振动	4	
功劳	4	
堕坏	4	
相袭	4	
农工	4	
相连	4	
备员	4	
御府	4	官职$
率众	4	
中可	4	
官吏	4	
中事	4	
鞅鞅	4	
武力	4	
示群	4	
诸事	4	
报先	4	
等军	4	
责让	4	
比诸	4	
系颈	4	
食诸	4	
险塞	4	地名=
奋臂	4	
开关	4	地名=
耕织	4	
侯恐	4	
肥美	4	
销锋	4	
利兵	4	
量力	4	
势异	4	
糟糠	4	
发仓	4	
收恤	4	
易动	4	
南游	4	
避仇	4	
必举	4	
声动	4	
动天	4	
塞责	4	
夜引	4	
屯戍	4	
秋豪	4	
阻山	4	地名=
地肥	4	
常冠	4	
各就	4	
反书	4	
书遗	4	
军卻	4	
详惊	4	
疽发	4	
中食	4	
欲渡	4	地名=
丁壮	4	
苦军	4	
城东	4	
枝属	4	
经营	4	
觉寤	4	
徒中	4	
心独	4	
弟可	4	
涂地	4	
诸老	4	
距险	4	
连城	4	地名=
属吏	4	
烧绝	4	
园池	4	地名=
收士	4	
度兵	4	
病创	4	
欲引	4	
风俗	4	
譬犹	4	
王西	4	
後罢	4	
宫阙	4	
威加	4	
乐饮	4	
怏怏	4	
拨乱	4	
歌兒	4	
臣争	4	
交通	4	
属天	4	
他姬	4	
解印	4	
监军	4	
持戟	4	
王奉	4	
王列	4	
民爵	4	
首先	4	
同产	4	
後相	4	官职$
细民	4	
边吏	4	
官爵	4	
妾原	4	地名=
事觉	4	
结轶	4	
利民	4	
寒暑	4	
赖天	4	
布天	4	
偃兵	4	
雨雹	4	
免徒	4	
削诸	4	
敬鬼	4	
致物	4	
鬼道	4	
具祠	4	
坛旁	4	
肃祗	4	
神物	4	
亲郊	4	
连属	4	
龙变	4	
明应	4	
祠坛	4	
始郊	4	
间祠	4	
神怪	4	
星茀	4	
祠具	4	
天旱	4	
亲禅	4	
他名	4	
道中	4	
祯祥	4	
忌元	4	
齐女	4	
宋宣	4	
夷元	4	
妻好	4	
秦武	4	
同元	4	
楚盟	4	
内王	4	
军河	4	地名=
倍楚	4	
寿元	4	
民心	4	思想〔〕
楚侵	4	
吴季	4	
齐田	4	
侯孙	4	
王墓	4	
臣执	4	
收功	4	
功实	4	
周元	4	
齐宣	4	
韩相	4	官职$
城武	4	
商元	4	
魏冉	4	
王咎	4	
悼元	4	
郡兵	4	
帝太	4	
適足	4	
巨鹿	4	
汉元	4	
军霸	4	
王赵	4	
侯臣	4	
前尚	4	
臣侯	4	官职$
濞元	4	
祖兄	4	
襄元	4	
王勃	4	
勃元	4	
发元	4	
宪王	4	
王旦	4	
伉元	4	
侯灶	4	
欧元	4	
山元	4	
绝甬	4	
弟争	4	
侯寿	4	
侯寄	4	
峣关	4	地名=
侯市	4	
侯董	4	
军元	4	
王女	4	
执盾	4	
籍军	4	
比平	4	
侯昭	4	
执元	4	
丘侯	4	官职$
辟阳	4	
殇侯	4	官职$
塞外	4	
圣元	4	
侯指	4	
遗腹	4	
侯吴	4	
种元	4	
阳平	4	
龙元	4	
侯悼	4	
侯舜	4	
侯明	4	
布反	4	
侯鸱	4	
侯列	4	
诈诏	4	
侯阳	4	
影响	4	
汉相	4	官职$
郢客	4	
买田	4	
太中	4	
弟侯	4	官职$
侯仆	4	
师北	4	
平陵	4	地名=
孙敖	4	
国绝	4	
镪侯	4	官职$
右北	4	
事武	4	
骄蹇	4	
辅政	4	
平乐	4	
系狱	4	刑法【】
扶阳	4	
范明	4	
明友	4	
度辽	4	
相通	4	
恩侯	4	官职$
私恩	4	
好色	4	
嫉妒	4	
霍氏	4	族群~
陵王	4	
逐王	4	
渠率	4	
刘成	4	
顺元	4	
事天	4	
恣睢	4	
可欺	4	
声色	4	
民困	4	
包含	4	
状似	4	
快意	4	
动心	4	
气相	4	官职$
讨彊	4	
毒螫	4	
逆顺	4	
内属	4	
臣宗	4	
凶器	4	
结和	4	
物变	4	
物可	4	
著明	4	
必效	4	
率天	4	
易姓	4	
解纷	4	
协洽	4	
淹茂	4	
众星	4	
国吉	4	
同舍	4	
穷兵	4	
西国	4	
国利	4	
中道	4	
状类	4	
纷纷	4	
天开	4	
谣俗	4	
可考	4	
引弓	4	
常主	4	
凡天	4	
怠慢	4	
配天	4	
帝敬	4	
衍溢	4	
逐利	4	
仕宦	4	
闾阎	4	
兵连	4	
获首	4	
盗铸	4	
贳贷	4	
货物	4	
博戏	4	
相引	4	
乏绝	4	
初郡	4	
工商	4	
成霸	4	
必加	4	
民劳	4	
欲弑	4	
心疾	4	
逆旅	4	
欲妻	4	
兵随	4	
母兄	4	
伏谒	4	
辅翼	4	
民逆	4	
师事	4	
姓同	4	
船中	4	
弟弑	4	
傅相	4	官职$
和集	4	
同苦	4	
凡厥	4	
民苦	4	
国争	4	
可移	4	
徒袭	4	
边城	4	地名=
庸可	4	
国患	4	
卖己	4	
宗家	4	
伏士	4	
私门	4	
骄主	4	
始乱	4	
国後	4	
布腹	4	
独後	4	
擅兵	4	
疏骨	4	
欲报	4	
负王	4	
独吊	4	
尊名	4	
壤界	4	
面相	4	官职$
东面	4	
众辱	4	
王前	4	
昨暮	4	
卜事	4	
匿山	4	地名=
事先	4	
屏左	4	
奉公	4	
王饮	4	
谗臣	4	
独擅	4	
说士	4	
老妇	4	
敬诺	4	
城市	4	
市邑	4	
氏地	4	
比周	4	
原效	4	
欲利	4	
必相	4	官职$
欲地	4	
西说	4	
续氏	4	族群~
议论	4	
交臂	4	
东兵	4	
释帝	4	
西驰	4	
弦歌	4	
尝困	4	
指意	4	
北徇	4	
捕系	4	
欲连	4	
园邑	4	
良家	4	
县名	4	
舍中	4	
侍御	4	
伏地	4	
公田	4	
秩比	4	
诸刘	4	
求事	4	
推毂	4	
祝午	4	
军等	4	
金财	4	
田地	4	
械系	4	
贾竖	4	
吏舍	4	
歌呼	4	
良说	4	
天府	4	官职$
易太	4	
张负	4	
穷巷	4	
假贷	4	
必内	4	
驰传	4	
陵母	4	
应变	4	
威武	4	
驱驰	4	
王头	4	
簿责	4	
後传	4	
虏略	4	
盎等	4	
忽忽	4	
平襄	4	
祸乱	4	
驰逐	4	
号位	4	
臣贺	4	
承天	4	
臣闳	4	
奉承	4	
垂统	4	
维稽	4	
保国	4	
王策	4	
氏後	4	
岩穴	4	
幽囚	4	
转祸	4	
容貌	4	
逆鳞	4	
绳墨	4	
臣素	4	
素骄	4	
甘味	4	
可试	4	
名诸	4	
可说	4	
求报	4	
就功	4	
家必	4	
叔座	4	
名天	4	
成帝	4	
收地	4	
妻妾	4	
吞天	4	
挟彊	4	
臣效	4	
侧目	4	
苏氏	4	族群~
绝约	4	
臣父	4	
相结	4	
讬仪	4	
王疑	4	
罗甘	4	
相欺	4	
军後	4	
病笃	4	
荆兵	4	
通谷	4	地名=
海外	4	
宾主	4	
兵食	4	
券书	4	
冯轼	4	
轼结	4	
结靷	4	
相倾	4	
相士	4	
鄙军	4	
报谢	4	
博徒	4	
右壤	4	
辟地	4	
叹息	4	
倡优	4	
唐举	4	
南收	4	
卤获	4	
结交	4	
偿城	4	地名=
私雠	4	
右翼	4	
俶傥	4	
孽孙	4	
情实	4	
报私	4	
苦形	4	
国士	4	
箕踞	4	
易俗	4	
覆案	4	
唯明	4	
倍畔	4	
王实	4	
越列	4	
功冠	4	
腐儒	4	
争天	4	
遭初	4	
尝病	4	
交驩	4	
简易	4	
盎论	4	
同席	4	
首捕	4	
家监	4	官职$
脉结	4	
头痛	4	
主病	4	
後溲	4	
齐汤	4	
风气	4	
明脉	4	
脾气	4	
蹶阴	4	
伤脾	4	
经脉	4	
煮海	4	地名=
海水	4	地名=
谢天	4	
馀财	4	
异道	4	
北可	4	
缯絮	4	
穹庐	4	
盗边	4	
奉禄	4	
遗文	4	
役属	4	
比内	4	
略通	4	
西可	4	
反具	4	
仇家	4	
俗土	4	
决吉	4	
姓公	3	
营卫	3	
水滔	3	
滔天	3	
浩怀	3	
怀山	3	地名=
山襄	3	
雷雨	3	
择吉	3	
西巡	3	
北巡	3	
祖祢	3	
群后	3	
讴歌	3	
娶妻	3	
顺適	3	
让畔	3	
天事	3	
唯谨	3	
疆土	3	
伤先	3	
身焦	3	
中中	3	
赋中	3	
土壤	3	
州攸	3	
帝前	3	
始事	3	
事事	3	
翔舞	3	
属意	3	
素王	3	
宝玉	3	
书阙	3	
争相	3	官职$
渡南	3	
胥靡	3	
求美	3	
斧钺	3	器物*
乐器	3	
帝号	3	
初欲	3	
畜积	3	
民欲	3	
郭室	3	
民俗	3	
率戎	3	族群~
王父	3	
昧爽	3	
萌隶	3	
望邑	3	
满野	3	地名=
群弟	3	
遗民	3	
王庙	3	地名=
道缺	3	
恤民	3	
具备	3	
专利	3	
王师	3	
童妾	3	
夜啼	3	
烽燧	3	
平戎	3	族群~
后太	3	
官职	3	
必疑	3	
东说	3	
必东	3	
牢祠	3	
御蛊	3	
常游	3	
漕转	3	
推锋	3	
宗女	3	
可袭	3	
政犹	3	
内相	3	官职$
夜哭	3	
明功	3	
致文	3	
吊祠	3	
厥号	3	
蔽天	3	
支属	3	
就食	3	
鬼薪	3	
患兵	3	
名号	3	
刻削	3	
赖陛	3	
祠祀	3	
周览	3	
诵功	3	
诸产	3	
休明	3	
遵职	3	
后嗣	3	
南登	3	
同父	3	
维皇	3	
举错	3	
亲相	3	官职$
相保	3	
童男	3	
南渡	3	地名=
禽灭	3	
嘉平	3	
地势	3	
赘婿	3	
明圣	3	
辅拂	3	
饰虚	3	
山堙	3	
堙谷	3	地名=
奇药	3	
内宫	3	地名=
捕诸	3	
畏罪	3	
慑伏	3	
权势	3	
士欲	3	
求奇	3	
利相	3	官职$
游天	3	
饰诈	3	
敬奉	3	
药可	3	
神可	3	
事毕	3	
寝庙	3	地名=
祠庙	3	地名=
奉书	3	
赍粮	3	
采椽	3	
臣虏	3	
号名	3	
案责	3	
应诸	3	
左骖	3	
吏发	3	
王国	3	
珍宝	3	
籓篱	3	
中佐	3	
山带	3	
同心	3	
后事	3	
拱手	3	
割膏	3	
逡巡	3	
鞭笞	3	
笞天	3	
俯首	3	
北筑	3	
名城	3	地名=
劲弩	3	
臣精	3	
蹑足	3	
异变	3	
比权	3	
权量	3	
卑微	3	
引领	3	
劳民	3	
缟素	3	
牧民	3	
葬南	3	
葬北	3	
葬西	3	
宗亲	3	
讨贼	3	
急引	3	
家妇	3	
倍王	3	
引军	3	
臣论	3	
地兵	3	
天寒	3	
饥民	3	
王阴	3	
纵兵	3	
欲约	3	
侯吏	3	
奴虏	3	
尚众	3	
好美	3	
夜驰	3	
距关	3	地名=
兄事	3	
备他	3	
他盗	3	
身独	3	
烧宫	3	地名=
诸相	3	官职$
初发	3	
道险	3	
灭王	3	
王畏	3	
王资	3	
扞蔽	3	
系虏	3	
残灭	3	
求王	3	
食食	3	
城西	3	
兵佐	3	
匈匈	3	
中王	3	
半渡	3	地名=
遗患	3	
东傅	3	
傅海	3	地名=
军壁	3	地名=
悲歌	3	
披靡	3	
矜功	3	
天实	3	
雷电	3	
晦冥	3	
好相	3	官职$
箕帚	3	
求盗	3	
逾城	3	地名=
相推	3	
独追	3	
僄悍	3	
保城	3	地名=
兵尚	3	
疑兵	3	
掠卤	3	
诸县	3	
飨军	3	
可急	3	
屠烧	3	
後天	3	
盗兵	3	
东略	3	
引水	3	地名=
水灌	3	
祀天	3	礼仪〈〉
临河	3	地名=
诈阬	3	
微细	3	
侯籍	3	
伪游	3	
带河	3	地名=
侯剖	3	
心动	3	
南据	3	
纵酒	3	
唯陛	3	
良医	3	
臣内	3	
次王	3	
循环	3	
啼泣	3	
诸姬	3	
燕饮	3	
弟诸	3	
廷争	3	
可属	3	
诸女	3	
王友	3	
天报	3	
微伺	3	
卫宫	3	地名=
相列	3	
事擅	3	
严威	3	
主兵	3	
必罢	3	
推本	3	
端门	3	
欲休	3	
垂拱	3	
菹醢	3	
喋血	3	
难动	3	
等具	3	
王意	3	
先驰	3	
邑各	3	
父後	3	
育群	3	
财足	3	
诖误	3	
帝许	3	
欲改	3	
帝诸	3	
臣兵	3	
内志	3	
加惠	3	
常恐	3	
诈病	3	
供养	3	
妇嫁	3	
旦夕	3	
帝诏	3	
侯宜	3	
前后	3	
约和	3	
罢诸	3	
侯太	3	
徵文	3	
尊显	3	
卻老	3	
遍诸	3	
食器	3	
始亲	3	
亲祠	3	
坛开	3	
瑞应	3	
角兽	3	动植物〘〙
符应	3	
他县	3	
王祀	3	
中望	3	
驾车	3	
画天	3	
饭牛	3	
室帷	3	
中圜	3	
圜丘	3	地名=
邈绝	3	
始巡	3	
相中	3	
恐效	3	
鸿渐	3	
道天	3	
常夜	3	
夜祠	3	
振天	3	
帝廷	3	
札书	3	
神筴	3	
臣後	3	
脱鵕	3	
羊彘	3	
兆祥	3	
郊祠	3	
帝禁	3	
乐舞	3	礼仪〈〉
士传	3	
地主	3	
阴道	3	
宫垣	3	
侯邸	3	
火灾	3	
辇道	3	
芬芳	3	
犊牢	3	
弥众	3	
神名	3	
历谱	3	
谱谍	3	
乖异	3	
淫侈	3	
公寿	3	
侯庄	3	
公和	3	
公说	3	
鲁桓	3	
晋哀	3	
易许	3	
侯弟	3	
王齐	3	
公朔	3	
王求	3	
燕桓	3	
公杵	3	
臼元	3	
臧文	3	
文仲	3	
厘王	3	
开元	3	
畏太	3	
梦天	3	
公昭	3	
质秦	3	
求霸	3	
公王	3	
卫成	3	
王狩	3	
公平	3	
侵宋	3	
倍晋	3	
晋侵	3	
鸱元	3	
野元	3	
公太	3	
庐元	3	
王审	3	
臧元	3	
欲倍	3	
田邑	3	
北鄙	3	
齐景	3	
宠相	3	官职$
晋谢	3	
次干	3	
干谿	3	
楚平	3	
疾元	3	
侯东	3	
室乱	3	
争桑	3	
蔡昭	3	
可畏	3	
说众	3	
囊瓦	3	
侯侵	3	
秦惠	3	
社宫	3	地名=
差元	3	
季康	3	
西狩	3	
常相	3	官职$
国权	3	
景伯	3	
楚灭	3	
国侯	3	官职$
错元	3	
卫悼	3	
齐元	3	
公初	3	
卜相	3	官职$
惠文	3	
利国	3	
北游	3	
王哙	3	
蜀相	3	官职$
蔺相	3	官职$
庄襄	3	
帝元	3	
王迹	3	
愤发	3	
兵众	3	
郡尉	3	官职$
侯尊	3	
王吴	3	
属齐	3	
王敖	3	
地北	3	
適削	3	
彊本	3	
枝叶	3	
惠元	3	
王襄	3	
城侯	3	官职$
产元	3	
壶关	3	地名=
太元	3	
文元	3	
志元	3	
王卬	3	
卬元	3	
陆侯	3	官职$
南王	3	
壖垣	3	
舜元	3	
识元	3	
王胥	3	
胥元	3	
河郡	3	
侈元	3	
戴王	3	
臣功	3	
骄溢	3	
淫嬖	3	
统纪	3	
侯襄	3	
宗元	3	
事国	3	
侯伉	3	
夏侯	3	官职$
灶元	3	
尚公	3	
御婢	3	
宽元	3	
平棘	3	
寿成	3	
侯郦	3	
侯开	3	
厌次	3	
阳王	3	
左司	3	
侯常	3	
属悼	3	
侯丁	3	
邑侯	3	官职$
武彊	3	
秋元	3	
侯蔡	3	
侯捷	3	
侯皋	3	
昌武	3	
侯单	3	
斥丘	3	地名=
侯吉	3	
吉元	3	
侯游	3	
仓元	3	
侯奉	3	
侯程	3	
右司	3	
宜成	3	
侯郢	3	
侯杨	3	
侯殷	3	
殷元	3	
侯秦	3	
罢师	3	
鴈门	3	
侯冯	3	
侯桑	3	
马汉	3	
侯栾	3	
侯戚	3	
侯恢	3	
和诸	3	
央宫	3	地名=
阳成	3	
择元	3	
后昆	3	
侯侈	3	
徐厉	3	
中意	3	
王舅	3	
父侯	3	官职$
文后	3	
桑林	3	
侯发	3	
侯横	3	
康元	3	
始昌	3	
徐卢	3	
景后	3	
侯田	3	
路塞	3	地名=
身脱	3	
葛绎	3	
绎侯	3	官职$
畏懦	3	
侯李	3	
横海	3	地名=
水道	3	
路博	3	
等功	3	
刘福	3	
捕反	3	
等侯	3	官职$
涉江	3	
觉捕	3	
事宣	3	
官桀	3	
王䜣	3	
元凤	3	
事幕	3	
司农	3	
相就	3	
赵充	3	
庙功	3	
臣光	3	
军侯	3	官职$
嗜酒	3	
酒好	3	
平台	3	地名=
媚道	3	
好士	3	
爰戚	3	
异路	3	
西平	3	
游宦	3	
刘明	3	
刘贞	3	
贞元	3	
刘顺	3	
刘让	3	
让元	3	
侯邑	3	
刘昌	3	
反虏	3	
河决	3	
仆公	3	
韩曾	3	
中太	3	
执金	3	
束缚	3	
节文	3	
相逾	3	
显荣	3	
可传	3	
情性	3	
情文	3	
文貌	3	
情欲	3	
灵威	3	
声相	3	官职$
内容	3	
修身	3	
优侏	3	
淫佚	3	
变俗	3	
物始	3	
甲乙	3	
形成	3	
欲存	3	
雄雌	3	
反本	3	
履端	3	
论著	3	
阉茂	3	
平旦	3	
相比	3	
辅臣	3	
市中	3	
南众	3	
门内	3	
主象	3	
涉水	3	地名=
女孙	3	
周天	3	
他星	3	
角动	3	
次舍	3	
反明	3	
度半	3	
谨候	3	
牝牡	3	
拥阏	3	
国外	3	
外内	3	
蕃昌	3	
经天	3	
北国	3	
事左	3	
军急	3	
号泣	3	
後病	3	
太阳	3	
火光	3	
冲天	3	
雄鸡	3	
半天	3	
金宝	3	
明旦	3	
疾疫	3	
列宿	3	
天变	3	
传天	3	
兵灭	3	
次脩	3	
堙灭	3	
饮马	3	
貍首	3	
游海	3	地名=
金银	3	
地名	3	
房中	3	
巫祠	3	
食天	3	
车各	3	
神策	3	
巡海	3	地名=
通渠	3	
引溉	3	
水工	3	
泽卤	3	
度可	3	
烦费	3	
粮饟	3	
馀业	3	
山铸	3	
粱肉	3	
巧法	3	
租赋	3	
兵甲	3	
试补	3	
冶铸	3	
煮盐	3	
银锡	3	
铜山	3	地名=
车甲	3	
乱法	3	
通货	3	
民巧	3	
徵诸	3	
工官	3	
币物	3	
委输	3	
食租	3	
龟贝	3	
庠序	3	
地力	3	
厌糟	3	
士力	3	
纺绩	3	
致国	3	
政必	3	
相灭	3	
绝兵	3	
兵後	3	
骨鲠	3	
弟欲	3	
报父	3	
欲霸	3	
後苗	3	
兵权	3	
遮道	3	
驰报	3	
王祭	3	
可相	3	官职$
尊王	3	
公许	3	
登台	3	地名=
公反	3	
门开	3	
公尸	3	
恐乱	3	
弟相	3	官职$
发甲	3	
辟难	3	
堂堂	3	地名=
历阶	3	
逐群	3	
徒追	3	
盟诸	3	
膏壤	3	
报政	3	
侯效	3	
让国	3	
始彊	3	
士争	3	
兵引	3	
母昆	3	
发文	3	
私许	3	
後灭	3	
骈胁	3	
田弋	3	
可法	3	
界盗	3	
美好	3	
纵淫	3	
常伦	3	
公门	3	
求诸	3	
成列	3	
迷惑	3	
王惠	3	
御戎	3	族群~
必移	3	
可负	3	
民力	3	
同位	3	
武宫	3	地名=
刀锯	3	
众心	3	
闺门	3	
先纵	3	
求平	3	
欲和	3	
灭後	3	
侵天	3	
酒醉	3	
伯父	3	
度王	3	
傍徨	3	
相求	3	
同好	3	
谗太	3	
画地	3	
绝交	3	
国尚	3	
南袭	3	
宜事	3	
王约	3	
境壤	3	
蕃臣	3	
发病	3	
奋翼	3	
发号	3	
兵加	3	
王释	3	
罢弊	3	
顿刃	3	
主辱	3	
辱臣	3	
乡党	3	
中男	3	
负郭	3	
兵中	3	
名垂	3	
父欲	3	
氏反	3	
书藏	3	
後氏	3	族群~
忍卼	3	
左衽	3	
遗俗	3	
山谷	3	地名=
阴贼	3	
解兵	3	
西兵	3	
原望	3	
山陵	3	地名=
食禄	3	
必右	3	
事始	3	
交彊	3	
虚名	3	
恐王	3	
南通	3	
客舍	3	
南割	3	
独尊	3	
西侵	3	
家臣	3	
乞贷	3	
武备	3	
足异	3	
形状	3	
狂简	3	
身亲	3	
讲诵	3	
旷野	3	地名=
良工	3	
彬彬	3	
鞠躬	3	
道穷	3	
辱身	3	
指博	3	
庙堂	3	地名=
系等	3	
什倍	3	
家女	3	
吏奉	3	
泣涕	3	
襁褓	3	
右群	3	
侯尚	3	
尚主	3	
主独	3	
始微	3	
纷乱	3	
就天	3	
备西	3	
后饮	3	
国委	3	
屯兵	3	
平等	3	
兵应	3	
等兵	3	
欲移	3	
迫劫	3	
纪氏	3	族群~
脩成	3	
疾苦	3	
县邑	3	
发踪	3	
举宗	3	
恭谨	3	
笔吏	3	
贲军	3	
尸北	3	
国吏	3	
声名	3	
饮醇	3	
开说	3	
家财	3	
具食	3	
说汉	3	
欲捐	3	
画策	3	
辍食	3	
竖儒	3	
臣罢	3	
争锋	3	
监兵	3	
兄伯	3	
奇士	3	
意忌	3	
草具	3	
疾免	3	
让勃	3	
主臣	3	
本好	3	
木彊	3	
好文	3	
侵辱	3	
续绛	3	
绛後	3	
士吏	3	
壁门	3	
改容	3	
事连	3	
他议	3	
意王	3	
馀尚	3	
道尊	3	
尊尊	3	
夜泣	3	
唐姬	3	
书原	3	地名=
巧佞	3	
音声	3	
后脩	3	
求捕	3	
恭让	3	
臣充	3	
事昧	3	
汤等	3	
臣旦	3	
臣胥	3	
显功	3	
家皇	3	
叔亲	3	
翟等	3	
事臣	3	
维乙	3	
天禄	3	
国艾	3	
艾民	3	
北州	3	
参差	3	
全身	3	
诫王	3	
声誉	3	
王宣	3	
室诸	3	
属籍	3	
右欲	3	
食粟	3	
执鞭	3	
荣辱	3	
平仲	3	
意气	3	
名誉	3	
凡说	3	
後反	3	
王阖	3	
左手	3	
趣利	3	
明法	3	
昭关	3	地名=
前王	3	
天叹	3	
阴养	3	
伯牛	3	
货殖	3	
侯必	3	
业成	3	
发士	3	
公事	3	
敝衣	3	
樊迟	3	
公西	3	
字叔	3	
汤武	3	
差次	3	
筑冀	3	
据河	3	地名=
灌园	3	地名=
舍客	3	
浮说	3	
揣摩	3	
粟支	3	
原奉	3	
捐馆	3	
择交	3	
胸中	3	
力西	3	
约诸	3	
牛後	3	
奉社	3	
内劫	3	
外挟	3	
诏诏	3	
骄矜	3	
俯伏	3	
招天	3	
药酒	3	
力竭	3	
名卑	3	
塞鄳	3	
兵困	3	
诫门	3	
可事	3	
争论	3	
器必	3	
案图	3	
挟天	3	
群羊	3	
震恐	3	
关绝	3	
臣各	3	
兵函	3	
虎相	3	官职$
彊霸	3	
断右	3	
脑涂	3	
憎仪	3	
事可	3	
许公	3	
犹尚	3	
必争	3	
仇犹	3	
王倍	3	
仲侈	3	
母宣	3	
相向	3	
侯欲	3	
北宅	3	
全兵	3	
禄先	3	
必亲	3	
独畏	3	
王老	3	
蒙氏	3	族群~
转移	3	
县神	3	
神州	3	
执宾	3	
靖郭	3	
王威	3	
土禺	3	
踪迹	3	
蹑蹻	3	
客奉	3	
民家	3	
囊中	3	
手持	3	
毛先	3	
疑天	3	
客辩	3	
士说	3	
鄙兵	3	
卖浆	3	
趣驾	3	
婴城	3	地名=
後患	3	
王中	3	
客饮	3	
伏匿	3	
西游	3	
漆身	3	
相错	3	
困戹	3	
睚眦	3	
恐伤	3	
可原	3	地名=
害公	3	
身全	3	
震动	3	
害足	3	
乐瑕	3	
瑕公	3	
食必	3	
炫燿	3	
变易	3	
连书	3	
惊骇	3	
肝胆	3	
朽株	3	
寥廓	3	
专欲	3	
相纷	3	
具道	3	
玩好	3	
餽遗	3	
次传	3	
惶急	3	
驰骛	3	
风易	3	
心意	3	
资敌	3	
县城	3	地名=
身徇	3	
内乡	3	
逆乱	3	
姓力	3	
父事	3	
购求	3	
传檄	3	
侯印	3	
王姊	3	
王畔	3	
反形	3	
军粮	3	
布列	3	
旁郡	3	
医家	3	
空壁	3	地名=
震主	3	
劫略	3	
豪英	3	
宫车	3	
右各	3	
侯事	3	
东箱	3	
摇荡	3	
魋结	3	
屈彊	3	
饟道	3	
诸陵	3	地名=
结穇	3	
僮仆	3	
廷臣	3	
壮健	3	
决嫌	3	
交错	3	
阳脉	3	
藏气	3	
脉书	3	
色诊	3	
药论	3	
奇咳	3	
病决	3	
鍮肿	3	
呕脓	3	
肝气	3	
内关	3	地名=
烦懑	3	
阳病	3	
病气	3	
接内	3	
形弊	3	
中藏	3	
法中	3	
经纪	3	
牡疝	3	
书意	3	
砭灸	3	
水穀	3	
田园	3	地名=
必陵	3	地名=
欲倚	3	
杯酒	3	
责望	3	
东界	3	
发天	3	
绝幕	3	
绝道	3	
妻妻	3	
室女	3	天文!
寝兵	3	
俗好	3	
西通	3	
饥寒	3	
次女	3	
臣职	3	
度幕	3	
发军	3	
选择	3	
原罢	3	
扬名	3	
逾岭	3	地名=
边关	3	地名=
翱翔	3	
侈靡	3	
嵯峨	3	
偃蹇	3	
靡丽	3	
创业	3	
枯旱	3	
捕太	3	
道事	3	
导民	3	
官事	3	
公列	3	
严酷	3	
豪猾	3	
椎埋	3	
仪表	3	
羁属	3	
北道	3	
径醉	3	
困负	3	
王圣	3	
嘉林	3	
举网	3	
患中	3	
缩颈	3	
象郎	3	
机利	3	
弄法	3	
徵师	2	
披山	2	地名=
国和	2	
推筴	2	
水波	2	
动静	2	思想〔〕
脩身	2	
明鬼	2	
敬道	2	
夷易	2	
众功	2	
开明	2	
布功	2	
汤汤	2	
洪水	2	地名=
父顽	2	
母嚚	2	
弟傲	2	
烝烝	2	
穆穆	2	
可绩	2	
诸牧	2	
望秩	2	
同律	2	
律度	2	
量衡	2	
位凡	2	
姓悲	2	
国践	2	
顺事	2	
事父	2	
弥谨	2	
火焚	2	
纵火	2	
实井	2	
匿空	2	
内平	2	
美帝	2	
民始	2	
始饥	2	
敬敷	2	
寇贼	2	
诸臣	2	
夙夜	2	
率舞	2	
畏忌	2	
振惊	2	
考功	2	
国号	2	
姓姬	2	
帝系	2	
系姓	2	
尝西	2	
东渐	2	
南浮	2	
书缺	2	
炎历	2	
嗣位	2	
爰洎	2	
明扬	2	
成美	2	
卑宫	2	地名=
相地	2	
地宜	2	
篚织	2	
土涂	2	
涂泥	2	
厎绩	2	
织皮	2	
原隰	2	
攸同	2	
奋武	2	
严振	2	
俊乂	2	
欲左	2	
女功	2	
相让	2	
首明	2	
肱良	2	
事堕	2	
帑僇	2	
僇女	2	
沟洫	2	
足胼	2	
胼胝	2	
次妃	2	
媵臣	2	
滋味	2	
师率	2	
女众	2	
国风	2	典籍《》
王嗣	2	
手格	2	
好酒	2	
淫声	2	
靡靡	2	
女奇	2	
矢斧	2	
路车	2	
色尚	2	
元妃	2	
收养	2	
耕农	2	
耕种	2	
歌乐	2	
他旁	2	
营筑	2	
暇食	2	
奇怪	2	
决平	2	
木主	2	
毁坏	2	
欲亟	2	
蒙衣	2	
嬖妾	2	
章显	2	
先圣	2	
馀各	2	
维天	2	
名民	2	
天保	2	
天室	2	
偃干	2	
就群	2	
和睦	2	
颂声	2	
公率	2	
财求	2	
敦笃	2	
邦内	2	
增脩	2	
美物	2	
王犹	2	
王燮	2	
可专	2	
蒸民	2	
后王	2	
斟酌	2	
相辅	2	
料民	2	
民乱	2	
必竭	2	
川竭	2	
读史	2	官职$
戎寇	2	
承王	2	
舅氏	2	族群~
绌翟	2	
翟后	2	
珪鬯	2	
侯城	2	地名=
鼎震	2	
可解	2	
名器	2	
扑师	2	
师武	2	
声畏	2	
畏天	2	
灭东	2	
先祭	2	
政简	2	
佐国	2	
养息	2	
蕃息	2	
东猎	2	
孙饮	2	
初伏	2	
脱难	2	
私利	2	
吏逐	2	
臣老	2	
兵遮	2	
篡弑	2	
番番	2	
西霸	2	
侯盟	2	
尚犹	2	
北兵	2	
求女	2	
吏初	2	
初带	2	
常痛	2	
姓苦	2	
武胙	2	
欲容	2	
容通	2	
绝膑	2	
军旁	2	
民东	2	
王郊	2	
列国	2	
金祠	2	
东就	2	
驰猎	2	
侯可	2	
引沟	2	
畔约	2	
等谨	2	
位号	2	
侯初	2	
属疏	2	
同文	2	
南临	2	
殿屋	2	
道通	2	
望祭	2	礼仪〈〉
祭山	2	地名=
帝临	2	
亲巡	2	
本原	2	地名=
原事	2	
祗诵	2	
顺承	2	
夜寐	2	
承圣	2	
职事	2	
隔内	2	
奉遗	2	
抚东	2	
普天	2	
书文	2	
舟舆	2	
动事	2	
异俗	2	
陵水	2	地名=
专务	2	
节事	2	
欢欣	2	
西涉	2	
功盖	2	
发童	2	
帝东	2	
臣嘉	2	
经纬	2	
常式	2	
帝春	2	
疆内	2	
灾害	2	
诵圣	2	
决通	2	
灭息	2	
通川	2	
事各	2	
诵烈	2	
力农	2	
惑乱	2	
乱黔	2	
乱实	2	
巷议	2	
率群	2	
主势	2	
药卜	2	
筮种	2	
堑山	2	地名=
宫廷	2	
隐宫	2	地名=
持禄	2	
传相	2	官职$
歌弦	2	
王专	2	
侵边	2	
事实	2	
隐情	2	
淫泆	2	
度轨	2	
占梦	2	
载中	2	
传中	2	
车载	2	
奇器	2	
器珍	2	
相灌	2	
灌输	2	
帝后	2	
工匠	2	
庙牺	2	
尊庙	2	地名=
轶毁	2	
臣畜	2	
畜天	2	
章先	2	
管中	2	
威天	2	
连逮	2	
屯卫	2	
苦吏	2	
逐捕	2	
等西	2	
王等	2	
后希	2	
事苦	2	
戍转	2	
肆意	2	
穷苦	2	
兼天	2	
罢先	2	
他罪	2	
恐群	2	
阿顺	2	
阴中	2	
欲祠	2	
空名	2	
斋宫	2	地名=
素车	2	
货财	2	
兼诸	2	
鉏櫌	2	
俊相	2	官职$
要市	2	
侯雄	2	
尝同	2	
息民	2	
王足	2	
足己	2	
卷天	2	
包举	2	
举宇	2	
囊括	2	
西举	2	
东割	2	
收要	2	
珍器	2	
缔交	2	
徒通	2	
延敌	2	
争割	2	
宰割	2	
割天	2	
御宇	2	
首系	2	
弯弓	2	
堕名	2	
锋铸	2	
铸鐻	2	
孙帝	2	
馀威	2	
甿隶	2	
率罢	2	
赢粮	2	
业相	2	官职$
庙堕	2	
士斐	2	
贪鄙	2	
淫骄	2	
收帑	2	
独穷	2	
困穷	2	
民可	2	
民易	2	
葬东	2	
宾婚	2	
繇役	2	
慴伏	2	
某事	2	
欲距	2	
王先	2	
好奇	2	
趣兵	2	
公徐	2	
专属	2	
惴恐	2	
必疾	2	
北阬	2	
中吏	2	
军夜	2	
财货	2	
夜望	2	
寿毕	2	
意常	2	
豪毛	2	
细谨	2	
意督	2	
西屠	2	
货宝	2	
宝妇	2	
烧残	2	
心怀	2	
讲解	2	
佐诸	2	
县兵	2	
兵王	2	
夷城	2	地名=
弟收	2	
窈冥	2	
追王	2	
推堕	2	
王间	2	
筑属	2	
王食	2	
食乏	2	
壮苦	2	
罢转	2	
笑谢	2	
甲持	2	
目叱	2	
侯等	2	
欲挑	2	
挑军	2	
渡兵	2	
货赂	2	
罢食	2	
食绝	2	
倾国	2	
歌慷	2	
气盖	2	
田父	2	
东渡	2	地名=
纵父	2	
兵接	2	
引天	2	
侯灭	2	
关怀	2	
营天	2	
约王	2	
左股	2	
事家	2	
狎侮	2	
家常	2	
易诸	2	
酒罢	2	
始常	2	
欲奇	2	
兒女	2	
中壮	2	
推择	2	
夜衔	2	
衔枚	2	
遗类	2	
踞床	2	
洗足	2	
摄衣	2	
他道	2	
开门	2	
王属	2	
休舍	2	
宝财	2	
酒食	2	
仓粟	2	
门闭	2	
主约	2	
决策	2	
权天	2	
距兵	2	
亲疾	2	
军乏	2	
王驾	2	
必引	2	
王烹	2	
擅劫	2	
馀罪	2	
引诸	2	
臣属	2	
侯诸	2	
同利	2	
策帷	2	
右争	2	
县隔	2	
地埶	2	
诸列	2	
堕指	2	
王馀	2	
反寇	2	
等事	2	
劫掠	2	
掠地	2	
地吏	2	
发中	2	
飞扬	2	
加海	2	地名=
伤怀	2	
魂魄	2	
诸母	2	
中空	2	
道病	2	
可翘	2	
翘足	2	
辄补	2	
承敝	2	
易变	2	
天统	2	
发材	2	
筑宫	2	地名=
次兄	2	
属臣	2	
犁明	2	
详醉	2	
王昆	2	
欲侯	2	官职$
帝壮	2	
辄捕	2	
捕论	2	
迫胁	2	
女乱	2	
可悔	2	
南军	2	
兵卫	2	
王各	2	
郎吏	2	
遗诸	2	
兵严	2	
外畏	2	
老病	2	
尚恐	2	
官乱	2	
诸男	2	
养後	2	
掊兵	2	
舆车	2	
犹微	2	
志怀	2	
芟夷	2	族群~
侯豪	2	
绝望	2	
犬牙	2	
牙相	2	官职$
乡让	2	
承诏	2	
求天	2	
推让	2	
选举	2	
亲率	2	
率士	2	
爵各	2	
抚诸	2	
汉功	2	
免罢	2	
侯就	2	
获保	2	
保宗	2	
身讬	2	
省繇	2	
可王	2	
约结	2	
免就	2	
帝初	2	
奴诏	2	
保塞	2	地名=
陵轹	2	
举功	2	
诸民	2	
诏罢	2	
军地	2	
地邑	2	
尊谥	2	
妾父	2	
官婢	2	
赎父	2	
恺悌	2	
支体	2	
田租	2	
帝欲	2	
致敬	2	
增诸	2	
昔先	2	
独美	2	
官议	2	
躬亲	2	
主延	2	
帝加	2	
弛山	2	地名=
卖爵	2	
室苑	2	地名=
常衣	2	
烦苦	2	
假借	2	
化民	2	
羞先	2	
食肉	2	
发民	2	
嗜欲	2	
庙宜	2	
宣布	2	
率俗	2	
徒隶	2	
左车	2	
禁天	2	
成衅	2	
乡儒	2	
欲议	2	
草改	2	
馈遗	2	
常馀	2	
馀金	2	
资好	2	
巧发	2	
发奇	2	
奇中	2	
馀老	2	
父游	2	
沙可	2	
可化	2	
金成	2	
中仙	2	
通中	2	
事化	2	
化丹	2	
沙诸	2	
诸药	2	
药齐	2	
领祠	2	
解祠	2	
牡马	2	
乾鱼	2	动植物〘〙
发瑞	2	
帝报	2	
报享	2	
畤加	2	
风符	2	
旁邑	2	
县偿	2	
续先	2	
盖夜	2	
夜致	2	
灶鬼	2	
象神	2	
车辟	2	
祭具	2	
帛书	2	
牛腹	2	
手书	2	
巫医	2	
病良	2	
风肃	2	
关饮	2	
画法	2	
事祕	2	
元宜	2	
地牲	2	
牲角	2	
角茧	2	
茧栗	2	
土宜	2	
犊太	2	
祠衣	2	
亲望	2	
难存	2	
侵寻	2	
金可	2	
决可	2	
可塞	2	地名=
食马	2	
臣师	2	
各佩	2	
致尊	2	
后可	2	
先验	2	
相触	2	
昔疏	2	
溢皋	2	
皋陆	2	
隄繇	2	
蜚龙	2	动植物〘〙
斥车	2	
马帷	2	
赍金	2	
鬼集	2	
搤捥	2	
民祠	2	
钩状	2	
文镂	2	
款识	2	
尊宝	2	
姓育	2	
育穀	2	
丰庑	2	
帝鬼	2	
遭圣	2	
堂徂	2	
徂基	2	
羊徂	2	
徂牛	2	
光润	2	
润龙	2	动植物〘〙
承休	2	
路弓	2	
集获	2	
获坛	2	
报祠	2	
气佐	2	
宝神	2	
後率	2	
仙登	2	
妄书	2	
登天	2	
采铜	2	
龙珣	2	
姓仰	2	
仰望	2	
珣号	2	
西登	2	
坛环	2	
通鬼	2	
畤物	2	
加醴	2	
醴枣	2	
豆牢	2	
豆醴	2	
食群	2	
胙馀	2	
牛色	2	
鹿中	2	
彘特	2	
祝宰	2	
夕夕	2	
天始	2	
祠列	2	
列火	2	
火满	2	
满坛	2	
炊具	2	
司奉	2	
奉嘉	2	
嘉牲	2	
牲荐	2	
荐飨	2	
美光	2	
祐福	2	
福兆	2	
地光	2	
光域	2	
腊间	2	
牡荆	2	
荆画	2	
登龙	2	动植物〘〙
兵祷	2	
微随	2	
随验	2	
宽假	2	
迂诞	2	
山神	2	
祠尚	2	
鼓舞	2	
祇可	2	
先振	2	
兵泽	2	地名=
泽旅	2	
祭冢	2	
臣葬	2	
先类	2	
类祠	2	
希旷	2	
旷绝	2	
儒采	2	
牛事	2	
草仪	2	
致怪	2	
采儒	2	
明事	2	
牵拘	2	
祠器	2	
器示	2	
属图	2	
怪奇	2	
发船	2	
中神	2	
节常	2	
候名	2	
类禽	2	
父牵	2	
巨公	2	
祠地	2	
弁荐	2	
书祕	2	
阯东	2	
神藉	2	
色土	2	
奇兽	2	动植物〘〙
兽蜚	2	
蜚禽	2	
身承	2	
象景	2	
景光	2	
历北	2	
候独	2	
星昭	2	
昭衍	2	
厥维	2	
维休	2	
休祥	2	
寿星	2	
渊耀	2	
耀光	2	
怪采	2	
临塞	2	地名=
沈祠	2	
昔敬	2	
鸡卜	2	
卜始	2	
常遽	2	
脯枣	2	
好楼	2	
诸宫	2	地名=
意乾	2	
尊祠	2	
北阯	2	
图中	2	
通水	2	地名=
圜宫	2	地名=
燎堂	2	地名=
祕祠	2	
司侍	2	
举火	2	
推历	2	
本统	2	
天增	2	
元神	2	
屋必	2	
殿度	2	
道相	2	官职$
印章	2	
祠诅	2	
牢熟	2	
熟具	2	
畤犊	2	
色食	2	
执期	2	
祠候	2	
禅祠	2	
阯南	2	
名祠	2	
他祠	2	
候祠	2	
怠厌	2	
效可	2	
可睹	2	
地诸	2	
司存	2	
传声	2	
可著	2	
史文	2	
传疑	2	
齐太	2	
周道	2	
案诸	2	
姊妹	2	
芒芒	2	
获麟	2	
道备	2	
异端	2	
具论	2	
伯彊	2	
宋惠	2	
燕厘	2	
庄元	2	
籍元	2	
秦庄	2	
公戏	2	
友元	2	
周宣	2	
弟成	2	
名反	2	
齐庄	2	
突元	2	
宋武	2	
卫庄	2	
公寤	2	
公鲍	2	
公他	2	
母欲	2	
晋昭	2	
完元	2	
父元	2	
沃庄	2	
姑元	2	
穿地	2	
地相	2	官职$
燕宣	2	
沃武	2	
侯湣	2	
仲完	2	
周史	2	官职$
郑厉	2	
卫惠	2	
林元	2	
齐襄	2	
亹元	2	
鲁庄	2	
公捷	2	
星陨	2	
雨偕	2	
灭晋	2	
祠社	2	
磔狗	2	
狗邑	2	
堵敖	2	
恽元	2	
荡公	2	
责包	2	
公疾	2	
晋惠	2	
妾梦	2	
公兰	2	
侯甲	2	
侯戍	2	
相惊	2	
执宋	2	
同盟	2	
魏武	2	
公潘	2	
执公	2	
袭郑	2	
鲁文	2	
欲食	2	
皋元	2	
宋昭	2	
羊羹	2	
宋师	2	
晋成	2	
距楚	2	
卫侵	2	
侯师	2	
晋郤	2	
执解	2	
蔡景	2	
审元	2	
晋栾	2	
郑悼	2	
侵蔡	2	
郑成	2	
曼元	2	
刍元	2	
公衎	2	
季文	2	
燕武	2	
鲁襄	2	
兵次	2	
城虎	2	
虎牢	2	
郑侵	2	
卫殇	2	
湛阪	2	
燕文	2	
侵齐	2	
公通	2	
报太	2	
燕惠	2	
侯班	2	
班元	2	
童心	2	
秦后	2	
公恐	2	
侯宋	2	
华台	2	地名=
宋元	2	
昧元	2	
秦女	2	
须元	2	
欲禳	2	
楚太	2	
宋景	2	
楚昭	2	
闾元	2	
扞吴	2	
侵楚	2	
季桓	2	
公柳	2	
柳元	2	
鲁侵	2	
侵卫	2	
民泣	2	
郑声	2	
梦众	2	
孙彊	2	
伤阖	2	
鲁哀	2	
公辄	2	
侯朔	2	
狩获	2	
齐平	2	
公骜	2	
侯祭	2	
内名	2	
後陪	2	
誓盟	2	
雄诸	2	
埶利	2	
侯史	2	官职$
独藏	2	
藏室	2	
伯瑶	2	
蔡声	2	
公饮	2	
魏城	2	地名=
鲁悼	2	
补庞	2	
蔡元	2	
晋幽	2	
仲元	2	
魏文	2	
主妻	2	
吏带	2	
筑临	2	
洛阴	2	
段干	2	
类元	2	
韩宜	2	
常曾	2	
孙田	2	
后绝	2	
彊天	2	
赵灭	2	
雨金	2	
贺秦	2	
星昼	2	
鼓琴	2	
害相	2	官职$
开阡	2	
太丘	2	地名=
丘社	2	
宣惠	2	
决河	2	地名=
西地	2	
仪相	2	官职$
啮桑	2	
齐湣	2	
相魏	2	
赧王	2	
蜀侯	2	官职$
相壮	2	
秦昭	2	
甲劫	2	
齐济	2	
王法	2	
黾池	2	地名=
弟公	2	
秦兵	2	
王楚	2	
忌率	2	
王悼	2	
阳太	2	
假元	2	
房宫	2	地名=
道南	2	
城河	2	地名=
马欣	2	
秦楚	2	
鉏豪	2	
荣弟	2	
弟横	2	
秦监	2	官职$
王歇	2	
歇始	2	
让景	2	
渡江	2	
成始	2	
约先	2	
武南	2	
皇䜣	2	
邯军	2	
郭东	2	
殷国	2	
敖始	2	
王司	2	
王韩	2	
原民	2	
梁国	2	
谥景	2	
卫王	2	
卫天	2	
蕃辅	2	
错诸	2	
戹塞	2	地名=
塞地	2	
地利	2	
王文	2	
王交	2	
交元	2	
鲁国	2	
吕国	2	
后外	2	
王台	2	地名=
王右	2	
关侯	2	官职$
燕元	2	
虚侯	2	官职$
王参	2	
参元	2	
王雄	2	
渠元	2	
阜陵	2	地名=
周侯	2	官职$
登元	2	
景元	2	
闵王	2	
荣元	2	
王康	2	
侵庙	2	地名=
庙壖	2	
阳国	2	
阴国	2	
王次	2	
王庆	2	
王平	2	
昆侈	2	
王遗	2	
陵夷	2	族群~
孙骄	2	
欲推	2	
侯靳	2	
侯亭	2	地名=
亭元	2	
父御	2	
侯薛	2	
王财	2	
谩罪	2	
修武	2	
后专	2	
侯午	2	
侯须	2	
争财	2	
兄初	2	
奉卫	2	
吕宣	2	
张旗	2	
解难	2	
幽侯	2	官职$
根元	2	
侯意	2	
山柎	2	
比厌	2	
次侯	2	官职$
渫元	2	
女通	2	
侯臧	2	
常元	2	
豨元	2	
豨灵	2	
侯谭	2	
谭元	2	
侯郭	2	
蒙元	2	
齿元	2	
侯桓	2	
军田	2	
率先	2	
台侯	2	官职$
侯倩	2	
海阳	2	
侯省	2	
侯宣	2	
侯谷	2	地名=
侯闲	2	
急绝	2	
侯缯	2	
母侯	2	官职$
侯疵	2	
侯欧	2	
倩元	2	
属车	2	
侯华	2	
厉元	2	
侯马	2	
侯审	2	
审食	2	
侯预	2	
临诸	2	
侯丧	2	
平皋	2	
侯拾	2	
拾元	2	
齐哀	2	
枉法	2	
质侯	2	官职$
衍侯	2	官职$
羹颉	2	
祖微	2	
削爵	2	刑法【】
夜元	2	
童元	2	
彊侯	2	官职$
疥元	2	
侯河	2	地名=
河元	2	
祗侯	2	官职$
物罪	2	
侯差	2	
比彭	2	
彭侯	2	官职$
侯圣	2	
吴房	2	
指元	2	
卢罢	2	
师元	2	
侯党	2	
党元	2	
侯商	2	
属魏	2	
张说	2	
侯䜣	2	
䜣元	2	
侯冉	2	
园陵	2	地名=
张相	2	官职$
侯陶	2	
舍元	2	
侯睢	2	
侯渐	2	
邑元	2	
须昌	2	
江邑	2	
疏属	2	
属刘	2	
土军	2	
军塞	2	地名=
衍元	2	
坚侯	2	官职$
侯触	2	
触龙	2	动植物〘〙
逆罪	2	
侯解	2	
解元	2	
太始	2	
沛城	2	地名=
中厩	2	
侯昧	2	
侯慎	2	
慎元	2	
侯贲	2	
侯卬	2	
神道	2	
道壖	2	
豹反	2	
氏亲	2	
诏王	2	
摇元	2	
侯嫖	2	
侯秩	2	
博成	2	
襄成	2	
昌平	2	
乐平	2	
侯徐	2	
元太	2	
兼元	2	
杨虚	2	
魏驷	2	
良元	2	
侯良	2	
章武	2	
侯窦	2	
越反	2	
绾元	2	
横元	2	
孙昆	2	
侯昆	2	
侯雕	2	
王慎	2	
戊反	2	
赵周	2	
隆彊	2	
祠祝	2	
仆黥	2	
桓邑	2	
川王	2	
后同	2	
侯梧	2	
衣襜	2	
襜褕	2	
恩泽	2	地名=
本枝	2	
北讨	2	
侯乐	2	
侯猛	2	
奴功	2	
岸头	2	
张次	2	
侯充	2	
侯敖	2	
壖地	2	
越功	2	
案道	2	
道侯	2	官职$
侯说	2	
氏功	2	
绝域	2	
骞元	2	
侯骞	2	
国功	2	
景桓	2	
侯嬗	2	
众利	2	
煖訾	2	
侯伊	2	
漯阴	2	
魏侯	2	官职$
苏元	2	
侯扁	2	
扁訾	2	
侯路	2	
左王	2	
湘成	2	
敞屠	2	
屠洛	2	
侯次	2	
王兄	2	
牧丘	2	地名=
海常	2	
相吕	2	
侯唊	2	
尼谿	2	
谿相	2	官职$
侯稽	2	
稽谷	2	地名=
谷姑	2	
张阍	2	
尉捕	2	
虎牙	2	
罗等	2	
傅介	2	
乐监	2	官职$
弋阳	2	
捕格	2	
右扶	2	
韩诗	2	
扶持	2	
主师	2	
元平	2	
诸霍	2	
禹等	2	
营平	2	
平丘	2	地名=
秩中	2	
昌水	2	地名=
良举	2	
卫太	2	
史氏	2	族群~
乐陵	2	地名=
张章	2	
养马	2	
秺侯	2	官职$
杨恽	2	
中常	2	
霍禹	2	
祠宗	2	
事侯	2	官职$
节元	2	
酂侯	2	官职$
元康	2	
帝舅	2	
王稚	2	
奉光	2	
恩宣	2	
神爵	2	
露元	2	
史事	2	
女异	2	
求官	2	
巨儒	2	
推私	2	
侯霸	2	
霸元	2	
原侯	2	官职$
平望	2	
侯楚	2	
刘偃	2	
侯朋	2	
侯犊	2	
刘寿	2	
寿福	2	
刘婴	2	
侯渡	2	地名=
侯让	2	
秦客	2	
臒丘	2	地名=
刘恢	2	
敬元	2	
刘光	2	
刘国	2	
刘延	2	
刘应	2	
禹元	2	
刘买	2	
狗彘	2	
王践	2	
践皇	2	
乐宫	2	地名=
宫成	2	
侯曹	2	
收孥	2	刑法【】
屯旁	2	
军细	2	
军棘	2	
文皇	2	
帝庙	2	地名=
文太	2	
岑迈	2	
葬蓝	2	
东王	2	
尉李	2	
津侯	2	官职$
尉苏	2	
左内	2	
仆贺	2	
相李	2	
侵园	2	地名=
船杨	2	
师李	2	
江充	2	
刘屈	2	
屈牦	2	
民侯	2	官职$
凤元	2	
乌丸	2	
侯范	2	
田顺	2	
泉太	2	
冯奉	2	
许嘉	2	
王接	2	
史丹	2	
王音	2	
编次	2	
次名	2	
位尊	2	
宠荣	2	
错衡	2	
越席	2	
饰貌	2	
传後	2	
采风	2	
养鼻	2	
养目	2	
养体	2	
坚革	2	
革利	2	
明道	2	
景响	2	
尊先	2	
成文	2	
始相	2	官职$
同异	2	
欲省	2	
宫庭	2	
宗社	2	
文可	2	
难假	2	
家难	2	
歌咏	2	
丧身	2	
和说	2	
凡音	2	
声和	2	
相陵	2	地名=
等内	2	
淫志	2	
娱心	2	
恣欲	2	
恻隐	2	
可须	2	
夷险	2	
军约	2	
穷武	2	
臣节	2	
偃武	2	
拥兵	2	
民乐	2	
栗栗	2	
荷兵	2	
汤火	2	
游敖	2	
嬉戏	2	
揆度	2	
枝格	2	
主风	2	
羽翼	2	
气道	2	
阳交	2	
主地	2	
物气	2	
气就	2	
气始	2	
华道	2	
存天	2	
成形	2	
难成	2	
物类	2	
相乱	2	
民神	2	
神异	2	
司地	2	
殄灭	2	
国禽	2	
暇遑	2	
获水	2	地名=
欲论	2	
官号	2	
羽声	2	
蒙单	2	
兆执	2	
维敦	2	
犁协	2	
横涒	2	
兆摄	2	
梧单	2	
维执	2	
汁洽	2	
官书	2	
匡卫	2	
端兑	2	
帝车	2	
臣和	2	
中星	2	
星众	2	
鼎足	2	
疏庙	2	地名=
执法	2	
轨道	2	
水事	2	
员官	2	
羽翮	2	
沟渎	2	
摇动	2	
右肩	2	
顺逆	2	
赢缩	2	
右转	2	
熊熊	2	
炎炎	2	
昭昭	2	
女丧	2	
末兑	2	
类彗	2	
国昌	2	
星色	2	
绕环	2	
相逮	2	
木星	2	
穀熟	2	
兵丧	2	
天应	2	
角地	2	
半度	2	
必逆	2	
乡利	2	
革政	2	
南金	2	
北金	2	
桑榆	2	
参天	2	
相毁	2	
客军	2	
前病	2	
发疾	2	
阴间	2	
南南	2	
兵发	2	
炎火	2	
毛羽	2	
属地	2	
气平	2	
成宫	2	地名=
田畴	2	
轮囷	2	
郭门	2	
门闾	2	
仓府	2	官职$
腊明	2	
水跃	2	
物怪	2	
饥馑	2	
米盐	2	
侵掠	2	
感动	2	
官备	2	
盈缩	2	
禅书	2	
乐必	2	
必坏	2	
东后	2	
西岳	2	
北岳	2	
祭地	2	礼仪〈〉
缙绅	2	
光辉	2	
诸祠	2	
盖难	2	
致诸	2	
易遵	2	
绌儒	2	
阳主	2	
北隅	2	
主运	2	
盖尝	2	
辄引	2	
川祠	2	
泮冻	2	
秋涸	2	
涸冻	2	
冬塞	2	地名=
牛犊	2	
具各	2	
泮涸	2	
祷塞	2	地名=
宝节	2	
必同	2	
社主	2	
杜主	2	
帝色	2	
权火	2	
川诸	2	
诸鬼	2	
祕祝	2	
帝祠	2	
国县	2	
好律	2	
神气	2	
火举	2	
道北	2	
臣望	2	
伪书	2	
帷幄	2	
释兵	2	
随山	2	地名=
水湍	2	
通沟	2	
间说	2	
东注	2	
始臣	2	
填阏	2	
水菑	2	
应天	2	
漕渠	2	
渠田	2	
穀可	2	
临决	2	
山平	2	
泛滥	2	
水利	2	
川谷	2	地名=
河渠	2	
渠书	2	
获全	2	
转粮	2	
蓄积	2	
积馀	2	
奉养	2	
转粟	2	
输粟	2	
舆马	2	
家足	2	
发动	2	
侵扰	2	
骚扰	2	
相奉	2	
募豪	2	
田南	2	
汉军	2	
同道	2	
吏道	2	
惨急	2	
良文	2	
功利	2	
汉发	2	
辄决	2	
後欲	2	
损膳	2	
舆驷	2	
财役	2	
转毂	2	
首仰	2	
浮淫	2	
荐璧	2	
文龙	2	动植物〘〙
可磨	2	
募民	2	
官器	2	
欲擅	2	
传举	2	
卖买	2	
市籍	2	
率缗	2	
名田	2	
助边	2	
可灭	2	
欲输	2	
辄斥	2	
铸金	2	
皮荐	2	
财佐	2	
中家	2	
甘食	2	
畜藏	2	
物众	2	
狗马	2	
徒奴	2	
相食	2	
火耕	2	
水耨	2	
禅事	2	
餽粮	2	
发武	2	
臣辱	2	
原父	2	
耕牧	2	
地比	2	
郡吏	2	
发南	2	
主郡	2	
笼天	2	
他郡	2	
致粟	2	
求雨	2	
路通	2	
刀布	2	
事变	2	
後推	2	
宝藏	2	
攘夷	2	族群~
力耕	2	
事势	2	
始基	2	
沨沨	2	
女家	2	
国边	2	
母老	2	
外困	2	
足疾	2	
兵拒	2	
夹水	2	地名=
士挑	2	
病伤	2	
辛苦	2	
颠越	2	族群~
博物	2	
篡位	2	
佐平	2	
欲修	2	
右把	2	
公奉	2	
策祝	2	
惊宫	2	地名=
宫外	2	
求公	2	
国国	2	
臣位	2	
夹辅	2	
辅室	2	
兵扞	2	
讨乱	2	
仲管	2	
倍亲	2	
各发	2	
好内	2	
公桓	2	
姓说	2	
父猎	2	
公游	2	
郭中	2	
尝笞	2	
公拥	2	
徒持	2	
疾病	2	
逾墙	2	
好猎	2	
可禳	2	
宠妾	2	
嗣事	2	
诸异	2	
伪事	2	
公师	2	
匿家	2	
欲悔	2	
妹妻	2	
阔达	2	
缪卜	2	
叔父	2	
吐哺	2	
犹恐	2	
师东	2	
就位	2	
女戏	2	
後奉	2	
求内	2	
私事	2	
亲诸	2	
负扆	2	
践祚	2	
让王	2	
王吏	2	
致士	2	
霸主	2	
禅位	2	
管蔡	2	
伯邑	2	
邑考	2	
荡舟	2	
灭同	2	
公隐	2	
好田	2	
祚倾	2	
氏姓	2	
佗佗	2	
免负	2	
负檐	2	
和鸣	2	
鸣锵	2	
锵锵	2	
南侵	2	
田主	2	
可倍	2	
氏祀	2	
公釐	2	
王湣	2	
贼心	2	
必求	2	
前通	2	
收民	2	
侍公	2	
燔台	2	地名=
结缨	2	
伤父	2	
可振	2	
相和	2	
堙鸿	2	
道荡	2	
道平	2	
平康	2	
玉食	2	
畯民	2	
禾黍	2	
麦秀	2	
油油	2	
食士	2	
析骨	2	
伤中	2	
师成	2	
必蕃	2	
帅师	2	
药胙	2	
逾垣	2	
衣袪	2	
可假	2	
主国	2	
负先	2	
齿牙	2	
侍丧	2	
外求	2	
地许	2	
必就	2	
名男	2	
力罢	2	
易通	2	
休足	2	
妻笑	2	
困兵	2	
適诸	2	
国器	2	
结亲	2	
实开	2	
己功	2	
足羞	2	
始尝	2	
尊爵	2	
己力	2	
欲隐	2	
势宜	2	
後图	2	
欲率	2	
道交	2	
劳师	2	
雍贾	2	
辰嬴	2	
反助	2	
易位	2	
中目	2	
威诸	2	
姬兄	2	
姬饮	2	
害民	2	
患必	2	
外举	2	
侵侮	2	
後中	2	
号谥	2	
敝甲	2	
改事	2	
诸候	2	
侯畏	2	
夜惊	2	
恐国	2	
恤国	2	
室内	2	
市贾	2	
私欲	2	
国民	2	
外主	2	
内主	2	
交诸	2	
臣疏	2	
发邑	2	
邑兵	2	
匿王	2	
兵伤	2	
让次	2	
後许	2	
许王	2	
王逐	2	
爵执	2	
蛇先	2	
先成	2	
举酒	2	
後成	2	
门阑	2	
先绝	2	
後绝	2	
士北	2	
县赂	2	
女必	2	
必事	2	
名成	2	
王欺	2	
求地	2	
相亲	2	
驩心	2	
彊要	2	
臣患	2	
鶀雁	2	
罗鸗	2	
解左	2	
力屈	2	
犹足	2	
踊跃	2	
伤民	2	
交绝	2	
外必	2	
肥国	2	
兵利	2	
利身	2	
烧先	2	
灭名	2	
囚虏	2	
发声	2	
可诱	2	
抚国	2	
苦乐	2	
父霸	2	
诸御	2	
可逆	2	
良藏	2	
患难	2	
马汗	2	
接兵	2	
窥兵	2	
图王	2	
同患	2	
私徒	2	
姓名	2	
致产	2	
逐什	2	
私赍	2	
可疾	2	
穷阎	2	
师尊	2	
事後	2	
足悲	2	
必成	2	
灭彊	2	
垂後	2	
南可	2	
欲南	2	
民贪	2	
臣母	2	
王疾	2	
相仇	2	
必辱	2	
指动	2	
食异	2	
弊邑	2	
求壮	2	
相欲	2	
拊手	2	
免身	2	
匿氏	2	族群~
鸟噣	2	
胁诸	2	
筋骨	2	
昔尝	2	
国男	2	
必间	2	
间必	2	
伏罪	2	
兵平	2	
反灭	2	
引灌	2	
外心	2	
节财	2	
决水	2	地名=
王梦	2	
南籓	2	
负遗	2	
必议	2	
裸国	2	
养欲	2	
乐志	2	
反亲	2	
先论	2	
王图	2	
事异	2	
国同	2	
穷乡	2	
系累	2	
秀士	2	
攘地	2	
传国	2	器物*
傅王	2	
类相	2	官职$
功力	2	
获利	2	
後事	2	
城北	2	
必唾	2	
臣病	2	
臣间	2	
梦衣	2	
食氏	2	族群~
欲嫁	2	
众反	2	
地坼	2	
母倡	2	
弟乱	2	
欲玺	2	
地事	2	
肘足	2	
彊足	2	
王尚	2	
就易	2	
兵决	2	
决灌	2	
臣海	2	地名=
欲囚	2	
裔事	2	
满道	2	
王恃	2	
公相	2	官职$
公患	2	
先身	2	
求质	2	
饮氏	2	族群~
诸欲	2	
心害	2	
氏疏	2	
西约	2	
选国	2	
中女	2	
弟宗	2	
委政	2	
田野	2	地名=
求誉	2	
和解	2	
春温	2	
钧谐	2	
相害	2	
全全	2	
谨事	2	
应声	2	
王异	2	
备盗	2	
後北	2	
声威	2	
东委	2	
氏转	2	
名存	2	
公常	2	
名尊	2	
必恐	2	
西事	2	
伏式	2	
式结	2	
东驰	2	
必图	2	
事谨	2	
东边	2	
臣宾	2	
父墓	2	
祖始	2	
好议	2	
累绁	2	
倨傲	2	
欲害	2	
节专	2	
致群	2	
摄事	2	
武事	2	
具官	2	
举袂	2	
倡侏	2	
惑诸	2	
乱政	2	
必霸	2	
致地	2	
南外	2	
兄家	2	
天厌	2	
丧家	2	
要盟	2	
侯笑	2	
成章	2	
质诸	2	
足徵	2	
身通	2	
执御	2	
志辱	2	
中权	2	
东阶	2	
西阶	2	
辍耕	2	
庸耕	2	
发闾	2	
闾左	2	
监诸	2	
等相	2	官职$
兵旦	2	
西军	2	
欲缚	2	
夥颐	2	
形险	2	
遗策	2	
尝试	2	
织室	2	
亲疏	2	
伍中	2	
比园	2	地名=
略卖	2	
地泣	2	
家号	2	
男名	2	
倍本	2	
褓中	2	
跸道	2	
患苦	2	
中列	2	
光耀	2	
荣华	2	
尝辟	2	
绝後	2	
汉追	2	
追项	2	
急发	2	
觖望	2	
弟妻	2	
权激	2	
卫中	2	
割齐	2	
齐郡	2	
饮歌	2	
歌舞	2	
兄王	2	
卫卫	2	
勃等	2	
侯书	2	
喻王	2	
相门	2	
阳等	2	
纪太	2	
姊翁	2	
徐甲	2	
事浸	2	
浸浔	2	
市租	2	
惠冢	2	
冢园	2	地名=
臣尊	2	
虚功	2	
志王	2	
独先	2	
补缺	2	
踪指	2	
佐军	2	
心说	2	
道遮	2	
空地	2	
王侍	2	
徒跣	2	
桀纣	2	
末光	2	
冠群	2	
军成	2	
阳南	2	
杨军	2	
军尸	2	
阳郡	2	
史保	2	
假左	2	
邑平	2	
狱市	2	
择郡	2	
夜饮	2	
相舍	2	
後园	2	地名=
望先	2	
北禽	2	
良尝	2	
沙中	2	
误中	2	
求贼	2	
邳圯	2	
衣褐	2	
城山	2	地名=
太兵	2	
说项	2	
游兵	2	
尚彊	2	
绝栈	2	
桡权	2	
必敛	2	
输积	2	
徒欲	2	
士各	2	
籍事	2	
敬说	2	
右陇	2	
道引	2	
必异	2	
功必	2	
位必	2	
臣宜	2	
详许	2	
须眉	2	
调护	2	
横绝	2	
嘘唏	2	
雠彊	2	
间事	2	
彊食	2	
筹筴	2	
奇伟	2	
牖乡	2	
美色	2	
游道	2	
肉食	2	
前谢	2	
平恐	2	
解衣	2	
盗嫂	2	
指麾	2	
可乱	2	
阬竖	2	
载後	2	
反接	2	
屋室	2	
嬃谗	2	
传先	2	
老妾	2	
私独	2	
臣平	2	
家事	2	
佐天	2	
中盗	2	
纷纠	2	
丧後	2	
心难	2	
绾军	2	
军沮	2	
捕勃	2	
择绛	2	
持国	2	
国秉	2	
门军	2	
开壁	2	地名=
介胄	2	
敬劳	2	
食道	2	
乏粮	2	
南陬	2	
栗太	2	
卢等	2	
切肉	2	
官尚	2	
吏侵	2	
推功	2	
心内	2	
腴地	2	
旌旗	2	器物*
关说	2	
议臣	2	
属阴	2	
伏斧	2	
相泣	2	
同车	2	
意忽	2	
争门	2	
后内	2	
类犴	2	
犴反	2	
吏验	2	
老吏	2	
私说	2	
後祸	2	
据地	2	
適孙	2	
后意	2	
王常	2	
道亲	2	
盎诸	2	
解说	2	
著身	2	
警跸	2	
轴折	2	
易宠	2	
淖姬	2	
姊弟	2	
收租	2	
诡辩	2	
王徒	2	
姬侍	2	
宪舜	2	
骄怠	2	
常宽	2	
宪病	2	
妒媢	2	
笞掠	2	
蚤夭	2	
折轴	2	
司臣	2	
病昧	2	
帝陛	2	
宜专	2	
专边	2	
边塞	2	地名=
骸中	2	
惟他	2	
亏膳	2	
损员	2	
位官	2	
臣私	2	
私望	2	
犬心	2	
汤昧	2	
籓国	2	
周祭	2	
肖差	2	
山仰	2	
臣庆	2	
庆等	2	
周辅	2	
据国	2	
反诸	2	
爵位	2	
可易	2	
国奉	2	
等窃	2	
等前	2	
舆地	2	
明显	2	
显光	2	
兽心	2	
寇盗	2	
厥罪	2	
侗好	2	
迩宵	2	
论箸	2	
足采	2	
编列	2	
彊记	2	
母病	2	
东负	2	
主土	2	
变诈	2	
好佚	2	
骋弋	2	
淫康	2	
缘恩	2	
後胥	2	
通王	2	
窃盗	2	
盗侵	2	
满意	2	
风喻	2	
惊动	2	
心恐	2	
国灭	2	
旦妻	2	
载籍	2	
逊位	2	
舜禹	2	
序列	2	
屡空	2	
逸乐	2	
择地	2	
祸灾	2	
可求	2	
纠纷	2	
始困	2	
俗同	2	
廪实	2	
食足	2	
晏平	2	
绁中	2	
气扬	2	
属书	2	
適己	2	
内脩	2	
主名	2	
文乱	2	
亲己	2	
窃驾	2	
矫驾	2	
卑卑	2	
引绳	2	
惨礉	2	
侵河	2	地名=
威敌	2	
内骚	2	
诸郊	2	
唯王	2	
北威	2	
威齐	2	
中驷	2	
兵锐	2	
梁军	2	
军半	2	
虏太	2	
显天	2	
同衣	2	
病疽	2	
洞庭	2	
侯患	2	
王尸	2	
夷宗	2	
策庞	2	
备边	2	
谗贼	2	
灭必	2	
国举	2	
伯州	2	
州犁	2	
遗太	2	
外倚	2	
常鞅	2	
交乱	2	
独忍	2	
耕字	2	
氏宰	2	
衣敝	2	
温良	2	
主心	2	
恣群	2	
臣疑	2	
王苦	2	
畏彊	2	
示诸	2	
实空	2	
接踵	2	
残国	2	
臣敬	2	
臣种	2	
东向	2	
笃敬	2	
草泽	2	地名=
结驷	2	
驷连	2	
摄敝	2	
字季	2	
字皙	2	
伯缭	2	
内省	2	
樊须	2	
宿毕	2	天文!
孺字	2	
祖字	2	
漆雕	2	
孙氏	2	族群~
祖本	2	
叔病	2	
帝道	2	
霸道	2	思想〔〕
邑邑	2	
术说	2	
牧司	2	
本业	2	
事末	2	
法太	2	
傅公	2	
孙贾	2	
同室	2	
擅山	2	地名=
贪位	2	
贪名	2	
谔谔	2	
食牛	2	
外易	2	
老存	2	
谷先	2	
呼沱	2	
车金	2	
民相	2	官职$
军禽	2	
割河	2	地名=
河逾	2	
逾漳	2	
足畏	2	
冥冥	2	
欲割	2	
割诸	2	
要约	2	
博关	2	地名=
涉勃	2	
洞胸	2	
坚甲	2	
鄙谚	2	
王羞	2	
攘臂	2	
天太	2	
田舍	2	
刍牧	2	
彊虎	2	
厮徒	2	
效实	2	
豪氂	2	
丘山	2	地名=
蹋鞠	2	
王诏	2	
士厉	2	
厉兵	2	
实外	2	
外厩	2	
举巴	2	
朋友	2	
金偿	2	
王初	2	
食乌	2	
乌喙	2	
右卖	2	
卖国	2	
王亲	2	
主母	2	
存主	2	
唯先	2	
谒王	2	
国敝	2	
钜防	2	
臣必	2	
必贪	2	
必反	2	
侯赞	2	
塞女	2	
女戟	2	
地绝	2	
事鬼	2	
阴奉	2	
恐袭	2	
西僻	2	
兵劳	2	
求解	2	
梁南	2	
相坚	2	
国欲	2	
谈士	2	
切齿	2	
铄金	2	
积毁	2	
毁销	2	
销骨	2	
僻陋	2	
王箕	2	
可发	2	
地半	2	
主明	2	
必折	2	
猛虎	2	
格明	2	
国交	2	
甲据	2	
据宜	2	
料敌	2	
举甲	2	
逆彊	2	
构难	2	
相敝	2	
东指	2	
徒负	2	
鄣塞	2	地名=
效河	2	地名=
驱梁	2	
南地	2	
王收	2	
臣先	2	
求欲	2	
窃疑	2	
酣乐	2	
热啜	2	
摩笄	2	
王割	2	
仪原	2	地名=
原乞	2	
具革	2	
罢国	2	
庄舄	2	
仕执	2	
举必	2	
双虎	2	
交可	2	
诳惑	2	
名疾	2	
释蒲	2	
臣试	2	
史举	2	
佐章	2	
息壤	2	
投杼	2	
躬率	2	
公独	2	
楚争	2	
氏必	2	
公徒	2	
公求	2	
馀光	2	
借臣	2	
先报	2	
唐相	2	官职$
赍臣	2	
母号	2	
父弟	2	
相厓	2	
王争	2	
割收	2	
内倚	2	
斥兵	2	
垒壁	2	地名=
壁坚	2	
说相	2	官职$
荆军	2	
孙业	2	
荆地	2	
王氏	2	族群~
孙王	2	
適梁	2	
地剖	2	
海环	2	
区中	2	
菜色	2	
驺奭	2	
康庄	2	
文具	2	
祭酒	2	
鄙儒	2	
推儒	2	
相雄	2	
名文	2	
侯卖	2	
卖田	2	
门必	2	
绮縠	2	
馀粱	2	
窃怪	2	
木禺	2	
狗盗	2	
割东	2	
欲困	2	
奉客	2	
收债	2	
客食	2	
食恐	2	
要期	2	
烧券	2	
具牛	2	
王惑	2	
士冯	2	
靷西	2	
靷东	2	
觉悟	2	
客谢	2	
绝宾	2	
笑臣	2	
笑躄	2	
备具	2	
歃血	2	
华屋	2	
外索	2	
举郢	2	
炊骨	2	
婢妾	2	
檐簦	2	
遗馀	2	
必王	2	
公甫	2	
甫文	2	
文伯	2	
翩翩	2	
料事	2	
增气	2	
畏公	2	
执辔	2	
屠中	2	
窃骂	2	
兵常	2	
臣客	2	
鼓刀	2	
刀屠	2	
举手	2	
侍酒	2	
毛公	2	
公藏	2	
求士	2	
贺公	2	
祠公	2	
名冠	2	
壹举	2	
借路	2	
随水	2	地名=
水右	2	
敛手	2	
壤可	2	
阳文	2	
地边	2	
欲夸	2	
持阴	2	
箦中	2	
私约	2	
匿中	2	
累卵	2	
食草	2	动植物〘〙
纲寿	2	
王心	2	
中虚	2	
蒲伏	2	
恐臣	2	
裹足	2	
庙灭	2	
业可	2	
臣意	2	
赍盗	2	
盗粮	2	
亲中	2	
心腹	2	
擅国	2	
宿昔	2	
綈袍	2	
避匿	2	
卻军	2	
丘墓	2	
公前	2	
谢罢	2	
罪罪	2	
侯食	2	
铁利	2	
优拙	2	
披腹	2	
情素	2	
家灭	2	
成全	2	
名可	2	
胶漆	2	
地殖	2	
殖穀	2	
贪利	2	
俭约	2	
劝民	2	
民耕	2	
纲成	2	
倚市	2	
利倾	2	
成蹊	2	
乐氏	2	族群~
霸国	2	
侯害	2	
恐侍	2	
脩法	2	
堕先	2	
毛翕	2	
翕公	2	
城恐	2	
臣舍	2	
意偿	2	
弄臣	2	
睨柱	2	
後私	2	
法削	2	
侯加	2	
国赋	2	
鼓譟	2	
增垒	2	
先据	2	
异心	2	
母先	2	
收保	2	
张左	2	
诸疏	2	
东保	2	
臣欺	2	
城外	2	
收城	2	地名=
好持	2	
军前	2	
绍介	2	
烹醢	2	
释难	2	
难解	2	
公详	2	
必决	2	
交游	2	
同名	2	
剖心	2	
倾盖	2	
临城	2	地名=
移主	2	
霸中	2	
垂名	2	
王易	2	
霸诸	2	
按相	2	官职$
相眄	2	
根柢	2	
枯朽	2	
衣穷	2	
竭精	2	
欲开	2	
独化	2	
连类	2	
志絜	2	
争光	2	
凝滞	2	
推移	2	
怀握	2	
怀沙	2	
巧匠	2	
微睇	2	
委积	2	
永叹	2	
投书	2	
通诸	2	
和洽	2	
举首	2	
客遍	2	
钓奇	2	
集论	2	
市门	2	
士宾	2	
诈论	2	
西望	2	
私乱	2	
客列	2	
真王	2	
必绝	2	
争道	2	
连结	2	
图国	2	
北临	2	
相疑	2	
垂泪	2	
奉头	2	
色变	2	
王惊	2	
诏军	2	
食积	2	
足事	2	
瑕衅	2	
相兼	2	
急就	2	
士可	2	
移风	2	
随俗	2	
窈窕	2	
搏髀	2	
西向	2	
可宝	2	
同功	2	
厮役	2	
道可	2	
昬乱	2	
欲畔	2	
形劳	2	
盗等	2	
诮让	2	
俭节	2	
易操	2	
主严	2	
严尊	2	
书相	2	官职$
收捕	2	
务明	2	
书狱	2	
主欲	2	
昔初	2	
记府	2	官职$
参伍	2	
绝地	2	
地脉	2	
务修	2	
馀列	2	
父客	2	
颈交	2	
交兵	2	
姓罢	2	
倳刃	2	
刃公	2	
贺王	2	
厮养	2	
馀辈	2	
兵塞	2	地名=
谒道	2	
女兒	2	
可就	2	
属河	2	地名=
尝军	2	
责臣	2	
反天	2	
渔猎	2	
假臣	2	
国初	2	
家奴	2	
榜笞	2	
豹彭	2	
民约	2	
泽间	2	
期旦	2	
中材	2	
独患	2	
蒸龙	2	动植物〘〙
曹偶	2	
等先	2	
军锋	2	
讬国	2	
王宜	2	
王提	2	
急责	2	
欲捕	2	
验王	2	
望军	2	
寄食	2	
漂母	2	
报母	2	
壁逐	2	
坚城	2	地名=
发间	2	
掌握	2	
奇策	2	
决断	2	
食竭	2	
容容	2	
怀诸	2	
头足	2	
相禽	2	
欲谒	2	
士缚	2	
绾列	2	
兵略	2	
相戹	2	
外乡	2	
连引	2	
列地	2	
疵瑕	2	
北通	2	
儋列	2	
岛中	2	
海岛	2	地名=
樊郦	2	
城先	2	
谯让	2	
臣随	2	
臣震	2	
侯家	2	
据北	2	
卖交	2	
欲驰	2	
贩缯	2	
疾力	2	
尝燕	2	
臣期	2	
期期	2	
敬惮	2	
侵削	2	
门东	2	
门南	2	
堧垣	2	
工相	2	官职$
佯狂	2	
免罪	2	刑法【】
脱罪	2	
亲临	2	
浮沈	2	
私相	2	官职$
南略	2	
工女	2	
诸宗	2	
伏轼	2	
箕倨	2	
符通	2	
掘烧	2	
中装	2	
前说	2	
欲劫	2	
患诸	2	
士务	2	
廷间	2	
踵军	2	
助讨	2	
传书	2	
绝饟	2	
鸧腕	2	
脱輓	2	
輓辂	2	
比隆	2	
肝脑	2	
众可	2	
可具	2	
夸矜	2	
士风	2	
风谕	2	
搴旗	2	
委蛇	2	动植物〘〙
臣家	2	
面欺	2	
先发	2	
趣汤	2	
摧折	2	
雾露	2	
常引	2	
廷辱	2	
揽辔	2	
垂堂	2	地名=
马惊	2	
欲劾	2	
吏案	2	
侍兒	2	
饥渴	2	
可徵	2	
壖中	2	
主卑	2	
卑臣	2	
兽簿	2	
随风	2	
可欲	2	
御物	2	
跪结	2	
虏曾	2	
法绳	2	
后诸	2	
相责	2	
每洗	2	
亲尊	2	
狩海	2	地名=
醇谨	2	
罢驽	2	
仓库	2	
功次	2	
实病	2	
常让	2	
他肠	2	
具狱	2	
边害	2	
伏法	2	
相偿	2	
苑中	2	
斥免	2	
心相	2	官职$
军尚	2	
畏惮	2	
官位	2	
尸蹶	2	
绝阳	2	
支兰	2	
兰藏	2	
要事	2	
精良	2	
经主	2	
阳初	2	
经病	2	
热气	2	
心气	2	
身热	2	
涌疝	2	
热病	2	
饮病	2	
脉顺	2	
肾气	2	
氵循	2	
肺气	2	
加寒	2	
腹痛	2	
次相	2	官职$
藏实	2	
胸满	2	
寒气	2	
遗溺	2	
腹肿	2	
疝气	2	
络结	2	
案法	2	
色泽	2	地名=
食闺	2	
奴病	2	
泄血	2	
要脊	2	
脊痛	2	
欲效	2	
欲男	2	
蛲瘕	2	
寒湿	2	
齐米	2	
米汁	2	
番阴	2	
肺脉	2	
中期	2	
精悍	2	
阴病	2	
应外	2	
悍药	2	
忿发	2	
劳力	2	
期决	2	
病名	2	
脉各	2	
论药	2	
脉气	2	
藏魂	2	
精汁	2	
手太	2	
呼吸	2	
铜盐	2	
诱天	2	
情相	2	官职$
吏劾	2	
劾系	2	
王勉	2	
节衣	2	
积金	2	
原诸	2	
欲说	2	
诸宾	2	
酤酒	2	
劝士	2	
饮水	2	地名=
扬主	2	
诸郎	2	
兼容	2	
诸外	2	
市买	2	
物相	2	官职$
怠傲	2	
默默	2	
後家	2	
通列	2	
帐具	2	
膝席	2	
诸氏	2	族群~
醉饱	2	
廷辩	2	
横恣	2	
轹宗	2	
遗金	2	
成祸	2	
夜涕	2	
亲父	2	
旁谷	2	地名=
兵纵	2	
佚乐	2	
领属	2	
南驰	2	
家产	2	
猿臂	2	
宽缓	2	
臣结	2	
书报	2	
奴列	2	
逐水	2	地名=
食畜	2	
畜肉	2	
彭彭	2	
山险	2	
诱兵	2	
女公	2	
葆塞	2	地名=
氏等	2	
吏相	2	官职$
原寝	2	
诏吏	2	
絮食	2	
遗物	2	
辩论	2	
民畜	2	
备寇	2	
各坚	2	
贪财	2	
尚乐	2	
军各	2	
众男	2	
纵左	2	
兵夜	2	
夜追	2	
众相	2	官职$
幕南	2	
地接	2	
武节	2	
列亭	2	地名=
币赂	2	
军列	2	
徒相	2	官职$
获丑	2	
等逐	2	
戎士	2	
示後	2	
擅专	2	
境外	2	
亲寿	2	
导军	2	
率减	2	
减什	2	
诸宿	2	
先要	2	
纷挐	2	
秩禄	2	
招选	2	
诏徵	2	
庭诘	2	
侈拟	2	
外宽	2	
排摈	2	
丁男	2	
兵露	2	
露师	2	
蜚輓	2	
疾耕	2	
靡敝	2	
虚府	2	官职$
愁苦	2	
加意	2	
西攘	2	
国劲	2	
俳优	2	
士南	2	
运粮	2	
豪士	2	
内淫	2	
乡文	2	
奢泰	2	
化俗	2	
内怀	2	
暑湿	2	
谕意	2	
临境	2	
事西	2	
急天	2	
节发	2	
意指	2	
浮海	2	地名=
众彊	2	
劳倦	2	
外徼	2	
心惭	2	
常持	2	
纷纭	2	
州主	2	
专力	2	
求道	2	
事亲	2	
夷兵	2	
发罪	2	
相扶	2	
雍容	2	
发境	2	
备车	2	
弥山	2	地名=
地饶	2	
色炫	2	
案衍	2	
涌泉	2	
阴林	2	
狡兽	2	动植物〘〙
虚发	2	
中必	2	
节裴	2	
变态	2	
潏潏	2	
淫淫	2	
裔裔	2	
王默	2	
相越	2	族群~
隘陕	2	
沆瀣	2	
湛湛	2	
采色	2	
丽靡	2	
轧沕	2	
峥嵘	2	
连卷	2	
垂条	2	
旖旎	2	
杂遝	2	
夭蟜	2	
弥节	2	
涂殚	2	
襄羊	2	
反乡	2	
心骇	2	
靡烂	2	
酷烈	2	
恐後	2	
业垂	2	
垦辟	2	
怪兽	2	动植物〘〙
举踵	2	
喁喁	2	
显号	2	
县道	2	
湛恩	2	
可记	2	
氾滥	2	
拘文	2	
浸润	2	
望雨	2	
闇昧	2	
永逝	2	
发迹	2	
後陵	2	地名=
昆蟲	2	
可论	2	
市罪	2	
县传	2	
阴结	2	
奇材	2	
王画	2	
功显	2	
纪纲	2	
前系	2	
可徼	2	
发蒙	2	
念独	2	
免官	2	刑法【】
画反	2	
书事	2	
笞太	2	
疑太	2	
良民	2	
职循	2	
市乱	2	
庳车	2	
号哭	2	
法循	2	
奉主	2	
主法	2	
延烧	2	
脩絜	2	
徒怀	2	
部中	2	
积薪	2	
微文	2	
禁闼	2	
存诸	2	
外可	2	
客欲	2	
交情	2	
异等	2	
焚书	2	
灾异	2	
酷吏	2	
解脱	2	
论报	2	
交私	2	
反狱	2	
辅法	2	
摩足	2	
捕案	2	
辄先	2	
部吏	2	
避法	2	
惨酷	2	
发导	2	
要领	2	
羁事	2	
王面	2	
穷源	2	
国客	2	
奇戏	2	
中城	2	地名=
戹困	2	
借交	2	
交报	2	
貌荣	2	
中宠	2	
後穿	2	
梦中	2	
帝唶	2	
唶吮	2	
唶痈	2	
道傍	2	
发和	2	
达意	2	
索绝	2	
饮可	2	
腹肠	2	
临槛	2	
漆城	2	地名=
老女	2	
馀持	2	
诸先	2	
圣帝	2	
田池	2	地名=
雪中	2	
宫府	2	官职$
府门	2	
投河	2	地名=
投弟	2	
道术	2	
卑汙	2	
夸严	2	
求尊	2	
尊誉	2	
试官	2	
空文	2	
导引	2	
夷各	2	
异卜	2	
略闚	2	
民好	2	
幕网	2	
林泽	2	地名=
卜卦	2	
格式	2	
文本	2	
筋角	2	
积著	2	
报彊	2	
列臣	2	
好稼	2	
玩巧	2	
西贾	2	
北贾	2	
农商	2	
俗犹	2	
仰机	2	
俭啬	2	
游闲	2	
闲公	2	
相矜	2	
鼓铸	2	
纤啬	2	
息什	2	
难遵	2	
本节	2	
形神	2	
达王	2	
尝掌	2	
业帝	2	
谱牒	2	典籍《》
略推	2	
宗属	2	
乐书	2	
功矜	2	
夷列	2	
叔列	2	
吏列	2	
钦念	2	

词	出现次数（三字）	实体类型
率诸侯	48	
齐悼惠	20	
诸侯王	19	
诸侯兵	17	
敬肃王	14	
欲发兵	13	
赵敬肃	13	
王功侯	12	
诸侯畔	11	
吕氏事	11	
公室卑	10	
诸侯各	10	
引兵东	10	
奉宗庙	10	
公孙奭	10	
诸侯毕	9	
引兵西	9	
同母弟	9	
晋率诸	9	
李太后	9	
王句践	9	
发兵距	8	
群臣议	8	
西略地	8	
冠盖相	8	
名山川	8	
事昭帝	8	
诸侯宾	8	
捕首虏	8	
臣恐天	7	
内诸侯	7	
侯群臣	7	
臣诸侯	7	
公元前	7	
游说诸	7	
说诸侯	7	
好读书	7	
王必欲	7	
游诸侯	7	
父母妻	6	
汤沐邑	6	
国诸侯	6	
宗庙社	6	
庙社稷	6	
发兵西	6	
侯宗室	6	
盖相望	6	
祠后土	6	
祭后土	6	
肉袒谢	6	
属淮阴	6	
侯戎奴	6	
填沟壑	6	
呜呼哀	6	
求割地	6	
忍致法	6	
诸侯群	5	
诸侯力	5	
侯毕贺	5	
引兵渡	5	
坚执锐	5	
城略地	5	
绝河津	5	
事发觉	5	
追尊父	5	
太牢具	5	
诸侯恣	5	
秦虏王	5	
吕后兄	5	
擅发兵	5	
侯彭祖	5	
侯公孙	5	
吴楚功	5	
昌侯王	5	
显诸侯	5	
顿首谢	5	
王左右	5	
变名姓	5	
赵赵赵	5	
国阴事	5	
充後宫	5	
发兵反	5	
免冠谢	5	
纵反间	5	
通经术	5	
收诸侯	5	
乐臣公	5	
爵列侯	5	
乞骸骨	5	
臣诊脉	5	
文巧诋	5	
督盗贼	5	
东巡狩	4	
平水土	4	
文身断	4	
身断发	4	
恐诸侯	4	
收馀民	4	
北面就	4	
後诸侯	4	
诸侯约	4	
侯力政	4	
异母弟	4	
修先王	4	
先王功	4	
招致宾	4	
致宾客	4	
地可全	4	
冠诸侯	4	
诸侯军	4	
地肥饶	4	
各就国	4	
後必悔	4	
郡国诸	4	
列侯宗	4	
宫殿中	4	
削诸侯	4	
好儒术	4	
巡郡县	4	
士求神	4	
武王弟	4	
诸侯平	4	
吴季札	4	
陪臣执	4	
烧夷陵	4	
王负刍	4	
齐王田	4	
诸侯地	4	
王彭祖	4	
常奉车	4	
绝甬道	4	
功比平	4	
龙镪侯	4	
事武帝	4	
范明友	4	
平恩侯	4	
恩侯许	4	
可举事	4	
皇帝敬	4	
布腹心	4	
疏骨肉	4	
屏左右	4	
遗王书	4	
城市邑	4	
国中兵	4	
王发兵	4	
金财物	4	
袁盎等	4	
承祖考	4	
名诸侯	4	
公叔座	4	
念诸侯	4	
甘罗甘	4	
罗甘罗	4	
侯宾客	4	
冯轼结	4	
轼结靷	4	
左右翼	4	
结宾客	4	
越列传	4	
袁盎论	4	
首捕虏	4	
前後溲	4	
阳明脉	4	
煮海水	4	
比内诸	4	
舞文巧	4	
俗土著	4	
决吉凶	4	
姓公孙	3	
山通道	3	
水滔天	3	
浩浩怀	3	
浩怀山	3	
怀山襄	3	
山襄陵	3	
南巡狩	3	
西巡狩	3	
践帝位	3	
荐绅先	3	
求美女	3	
筑城郭	3	
城郭室	3	
郭室屋	3	
王父母	3	
举烽火	3	
诸侯彊	3	
致文武	3	
王功臣	3	
赖宗庙	3	
臣等昧	3	
童男女	3	
群臣诵	3	
山堙谷	3	
积功劳	3	
应诸侯	3	
王诸侯	3	
蚕食诸	3	
食诸侯	3	
割膏腴	3	
诸侯恐	3	
鞭笞天	3	
比权量	3	
权量力	3	
急引兵	3	
夜引兵	3	
备他盗	3	
烧宫室	3	
阻山河	3	
诸侯罢	3	
群臣诸	3	
城中食	3	
东傅海	3	
诸郡县	3	
北面事	3	
引兵南	3	
运筹策	3	
南北军	3	
昆弟诸	3	
兵必罢	3	
王列侯	3	
谢病免	3	
兵欲袭	3	
民父母	3	
帝诸神	3	
兵西乡	3	
遍诸侯	3	
臣尝游	3	
先王祀	3	
泽中圜	3	
中圜丘	3	
始巡郡	3	
必欲致	3	
犊牢具	3	
祭天地	3	
诸神名	3	
易许田	3	
公杵臼	3	
灵公太	3	
争宠相	3	
次干谿	3	
诸侯侵	3	
臣执政	3	
军河外	3	
王吴芮	3	
皇帝位	3	
功臣侯	3	
初王怀	3	
王怀王	3	
尚公主	3	
汉中地	3	
恭侯庆	3	
属悼武	3	
侯辟彊	3	
司马汉	3	
马汉王	3	
和诸侯	3	
吕后昆	3	
后昆弟	3	
买田宅	3	
太后弟	3	
舅父侯	3	
绝和亲	3	
等功侯	3	
事宣帝	3	
事幕府	3	
宗庙功	3	
庙功侯	3	
侍太后	3	
太仆公	3	
仆公孙	3	
镪侯韩	3	
侯王商	3	
优侏儒	3	
臣宗室	3	
南众星	3	
国相王	3	
获首虏	3	
农工商	3	
发兵绝	3	
腹心疾	3	
後苗裔	3	
诸侯效	3	
母昆弟	3	
王惠王	3	
收馀兵	3	
群臣可	3	
诸侯客	3	
欲报仇	3	
北绝交	3	
接境壤	3	
境壤界	3	
主辱臣	3	
专国政	3	
匿山中	3	
北略地	3	
北徇地	3	
系等家	3	
左右群	3	
右群臣	3	
太后欲	3	
发国中	3	
举兵西	3	
发兵应	3	
纪氏女	3	
淮阴事	3	
阴事中	3	
刀笔吏	3	
饮醇酒	3	
欲易太	3	
威震天	3	
续绛後	3	
兵东北	3	
臣汤等	3	
奉承天	3	
康叔亲	3	
叔亲属	3	
保国艾	3	
国艾民	3	
右王策	3	
宗室诸	3	
左右欲	3	
国彊兵	3	
明约束	3	
显名诸	3	
国内空	3	
仰天叹	3	
王许诺	3	
筑冀阙	3	
捐馆舍	3	
涉河漳	3	
约诸侯	3	
奉社稷	3	
敝邑王	3	
兵南面	3	
闭关绝	3	
关绝约	3	
黔中地	3	
兵函谷	3	
西说王	3	
公仲侈	3	
母宣太	3	
相向寿	3	
张禄先	3	
相应侯	3	
县神州	3	
执宾主	3	
王威王	3	
借兵食	3	
招致天	3	
宾客辩	3	
客辩士	3	
辩士说	3	
乐瑕公	3	
饮酒酣	3	
鲁连书	3	
物变化	3	
报私雠	3	
兵北略	3	
成帝业	3	
风易俗	3	
资敌国	3	
唯明主	3	
布列传	3	
功冠诸	3	
左右各	3	
决嫌疑	3	
火齐汤	3	
宗室女	3	
寝兵休	3	
兵距险	3	
郡中豪	3	
侯列传	3	
披山通	2	
明鬼神	2	
风雷雨	2	
同律度	2	
律度量	2	
度量衡	2	
美帝功	2	
黎民始	2	
民始饥	2	
帝系姓	2	
鸿水滔	2	
卑宫室	2	
土涂泥	2	
州攸同	2	
元首明	2	
股肱良	2	
帑僇女	2	
手足胼	2	
足胼胝	2	
美女奇	2	
女奇物	2	
弓矢斧	2	
矢斧钺	2	
他旁国	2	
父母弟	2	
面就群	2	
就群臣	2	
公率诸	2	
先王庙	2	
读史记	2	
绌翟后	2	
诸侯城	2	
扑师武	2	
先祭祀	2	
诸侯通	2	
诸侯盟	2	
欲容通	2	
宾客游	2	
客游士	2	
引兵欲	2	
诸侯初	2	
弟同姓	2	
祭山川	2	
本原事	2	
隔内外	2	
抚东土	2	
群臣相	2	
皇帝东	2	
帝东游	2	
臣诵功	2	
坏城郭	2	
臣诵烈	2	
乱黔首	2	
医药卜	2	
药卜筮	2	
卜筮种	2	
堑山堙	2	
器珍怪	2	
相灌输	2	
庙牺牲	2	
章先帝	2	
示群臣	2	
先帝功	2	
欲罢先	2	
恐群臣	2	
兼诸侯	2	
席卷天	2	
包举宇	2	
举宇内	2	
务耕织	2	
东割膏	2	
收要害	2	
争割地	2	
宰割天	2	
御宇内	2	
俯首系	2	
首系颈	2	
堕名城	2	
销锋铸	2	
锋铸鐻	2	
孙帝王	2	
馀威振	2	
功业相	2	
业相反	2	
室卑微	2	
士民罢	2	
发仓廪	2	
独穷困	2	
声动天	2	
诸侯吏	2	
脱身独	2	
宝妇女	2	
初发难	2	
常冠军	2	
佐诸侯	2	
徵兵王	2	
烧夷城	2	
夷城郭	2	
城西门	2	
丁壮苦	2	
壮苦军	2	
苦军旅	2	
兵罢食	2	
引兵解	2	
悲歌慷	2	
歌慷慨	2	
诸侯灭	2	
经营天	2	
中壮士	2	
独追北	2	
夜衔枚	2	
宝财物	2	
飨军士	2	
侯各就	2	
军吏士	2	
争权天	2	
东略地	2	
引水灌	2	
祀天地	2	
军乏食	2	
引兵北	2	
北渡河	2	
引诸侯	2	
筹策帷	2	
策帷帐	2	
左右争	2	
诸列侯	2	
地吏民	2	
加海内	2	
可翘足	2	
夜啼泣	2	
相列侯	2	
事擅权	2	
遗诸侯	2	
兵严威	2	
列侯群	2	
诸侯豪	2	
侯豪桀	2	
犬牙相	2	
难动摇	2	
列侯就	2	
侯就国	2	
获保宗	2	
保宗庙	2	
免就国	2	
匈奴诏	2	
发兵欲	2	
追尊谥	2	
昔先王	2	
主延寿	2	
弛山泽	2	
宫室苑	2	
室苑囿	2	
妇嫁女	2	
通关梁	2	
侯王列	2	
诸侯太	2	
敬鬼神	2	
乡儒术	2	
草改历	2	
常馀金	2	
巧发奇	2	
发奇中	2	
丹沙可	2	
沙可化	2	
饮食器	2	
事化丹	2	
化丹沙	2	
丹沙诸	2	
沙诸药	2	
诸药齐	2	
常奉祠	2	
牢具祠	2	
发瑞应	2	
帝报享	2	
风符应	2	
他县偿	2	
续先王	2	
盖夜致	2	
帷中望	2	
驾车辟	2	
致天神	2	
牛腹中	2	
室帷中	2	
关饮食	2	
天地牲	2	
地牲角	2	
牲角茧	2	
角茧栗	2	
后土宜	2	
犊太牢	2	
奉先王	2	
金可成	2	
决可塞	2	
臣恐效	2	
食马肝	2	
后可致	2	
溢皋陆	2	
斥车马	2	
车马帷	2	
道天神	2	
常夜祠	2	
巡祭后	2	
姓育穀	2	
象天地	2	
帝鬼神	2	
堂徂基	2	
羊徂牛	2	
光润龙	2	
润龙变	2	
集获坛	2	
望气佐	2	
宝神筴	2	
群臣後	2	
臣後宫	2	
姓仰望	2	
等具祠	2	
具祠坛	2	
通鬼道	2	
加醴枣	2	
醴枣脯	2	
俎豆牢	2	
豆牢具	2	
俎豆醴	2	
食群神	2	
羊彘特	2	
祠列火	2	
列火满	2	
火满坛	2	
司奉嘉	2	
奉嘉牲	2	
嘉牲荐	2	
牲荐飨	2	
祐福兆	2	
福兆祥	2	
地光域	2	
腊间祠	2	
牡荆画	2	
郡国各	2	
名山神	2	
山神祠	2	
民间祠	2	
间祠尚	2	
神祇可	2	
先振兵	2	
振兵泽	2	
兵泽旅	2	
群臣葬	2	
先类祠	2	
希旷绝	2	
群儒采	2	
致怪物	2	
采儒术	2	
祠器示	2	
器示群	2	
示群儒	2	
罢诸儒	2	
神怪奇	2	
中神山	2	
持节常	2	
节常先	2	
候名山	2	
类禽兽	2	
老父牵	2	
士传车	2	
念诸儒	2	
祠地主	2	
皮弁荐	2	
弁荐绅	2	
阯东北	2	
奇兽蜚	2	
兽蜚禽	2	
象景光	2	
历北边	2	
厥维休	2	
维休祥	2	
渊耀光	2	
耀光明	2	
求神怪	2	
神怪采	2	
临塞决	2	
昔敬鬼	2	
祠天神	2	
宜可致	2	
诸宫室	2	
东北阯	2	
圜宫垣	2	
司侍祠	2	
诸侯邸	2	
前殿度	2	
辇道相	2	
道相属	2	
牢熟具	2	
畤犊牢	2	
诸名山	2	
奉祠候	2	
祠候神	2	
候神物	2	
他名祠	2	
效可睹	2	
巡祭天	2	
天地诸	2	
地诸神	2	
神名山	2	
侍祠神	2	
历谱谍	2	
齐太公	2	
湣公弟	2	
宋惠公	2	
王母弟	2	
庄公寤	2	
厉公他	2	
沃庄伯	2	
沃武公	2	
晋侯湣	2	
惠公朔	2	
昭公弟	2	
庄公弟	2	
磔狗邑	2	
责包茅	2	
穆公兰	2	
诸侯戍	2	
灵公夷	2	
平王室	2	
执解扬	2	
城虎牢	2	
卫殇公	2	
侯侵楚	2	
平王墓	2	
郑声公	2	
惠王章	2	
西狩获	2	
专国权	2	
平公骜	2	
诸侯祭	2	
内名山	2	
後陪臣	2	
雄诸侯	2	
蔡声侯	2	
卫悼公	2	
韩宜阳	2	
常曾孙	2	
田开阡	2	
开阡陌	2	
太丘社	2	
侯相王	2	
河西地	2	
相张仪	2	
田甲劫	2	
齐济西	2	
荣弟横	2	
燕王始	2	
怀王孙	2	
成武南	2	
兵渡河	2	
章邯军	2	
阳城郭	2	
城郭东	2	
王司马	2	
赵王张	2	
成王臣	2	
適削地	2	
初王张	2	
初王文	2	
王文王	2	
吕王台	2	
初王武	2	
初王吕	2	
王吕通	2	
王吕禄	2	
王辟光	2	
王雄渠	2	
侵庙壖	2	
庙壖垣	2	
侯功臣	2	
哀侯彊	2	
父御婢	2	
恭侯嘉	2	
王财物	2	
后兄初	2	
发兵佐	2	
吕宣王	2	
诸侯功	2	
博阳侯	2	
侯山柎	2	
比厌次	2	
厌次侯	2	
豨灵丘	2	
哀侯周	2	
恭侯捷	2	
项籍军	2	
母侯疵	2	
斥丘侯	2	
齐侯华	2	
侯王陵	2	
侯审食	2	
临诸侯	2	
诸侯丧	2	
庄侯杨	2	
比彭侯	2	
侯卢罢	2	
卢罢师	2	
属魏豹	2	
侯张说	2	
武侯张	2	
侯张相	2	
侯赵尧	2	
戴侯福	2	
侯触龙	2	
神道壖	2	
恭侯应	2	
康侯延	2	
侯吴阳	2	
刘郢客	2	
侯郢客	2	
侯徐厉	2	
鲁元太	2	
元太后	2	
侯中意	2	
王舅父	2	
康侯魏	2	
侯魏驷	2	
侯桑林	2	
先帝诏	2	
黥布反	2	
侯卫绾	2	
殇侯始	2	
侯始昌	2	
王戊反	2	
侯赵周	2	
祠祝诅	2	
侯仆黥	2	
景后同	2	
后同母	2	
母弟侯	2	
衣襜褕	2	
匈奴功	2	
奴功侯	2	
侯张次	2	
侯充国	2	
侯李蔡	2	
东越功	2	
侯韩说	2	
侯张骞	2	
哀侯嬗	2	
魏侯苏	2	
侯扁訾	2	
侯路博	2	
侯敞屠	2	
敞屠洛	2	
侯次公	2	
侯稽谷	2	
稽谷姑	2	
侯张阍	2	
罗等功	2	
中事昭	2	
平乐监	2	
免相就	2	
嗜酒好	2	
祠宗庙	2	
宣帝舅	2	
帝舅父	2	
男女异	2	
女异路	2	
推私恩	2	
侯秦客	2	
践皇帝	2	
阳侯曹	2	
昌侯卢	2	
军细柳	2	
军棘门	2	
文皇帝	2	
葬蓝田	2	
卫尉李	2	
卫尉苏	2	
太仆贺	2	
楼船杨	2	
船杨仆	2	
贰师李	2	
刘屈牦	2	
陵侯范	2	
侯范明	2	
侯韩曾	2	
侯许嘉	2	
侯王章	2	
采风俗	2	
坚革利	2	
革利兵	2	
尊先祖	2	
等内容	2	
可须臾	2	
苦军事	2	
功臣宗	2	
阳气道	2	
阴阳交	2	
欲论著	2	
端蒙单	2	
蒙单阏	2	
游兆执	2	
兆执徐	2	
徒维敦	2	
维敦牂	2	
祝犁协	2	
犁协洽	2	
商横涒	2	
横涒滩	2	
游兆摄	2	
兆摄提	2	
彊梧单	2	
梧单阏	2	
徒维执	2	
维执徐	2	
天官书	2	
女主象	2	
外国利	2	
成宫阙	2	
诸神祠	2	
致诸侯	2	
秋涸冻	2	
牢具各	2	
具各异	2	
山川诸	2	
郡国县	2	
东巡海	2	
河渠书	2	
通西南	2	
诸郡国	2	
民巧法	2	
左右辅	2	
盖相属	2	
主郡国	2	
外攘夷	2	
攘夷狄	2	
兵绝兵	2	
发兵拒	2	
军门外	2	
王室乱	2	
夹辅室	2	
国内乱	2	
管仲管	2	
仲管仲	2	
侯各发	2	
昭公昭	2	
公昭公	2	
公桓公	2	
欲亲诸	2	
亲诸侯	2	
王王王	2	
王王臣	2	
同母兄	2	
母兄弟	2	
同母昆	2	
灭同姓	2	
公隐公	2	
公弟弑	2	
好田弋	2	
免负檐	2	
和鸣锵	2	
鸣锵锵	2	
公釐公	2	
比诸侯	2	
诸侯奉	2	
姓同苦	2	
兄弟相	2	
堙鸿水	2	
道荡荡	2	
惠王惠	2	
母女弟	2	
必蕃昌	2	
必移兵	2	
事必就	2	
民力罢	2	
天实开	2	
雍贾季	2	
威诸侯	2	
诸侯畏	2	
外交诸	2	
交诸侯	2	
臣疏骨	2	
发邑兵	2	
让次弟	2	
蛇先成	2	
国尚可	2	
王率诸	2	
先王墓	2	
面相约	2	
结和亲	2	
苦身焦	2	
填抚国	2	
抚国家	2	
同苦乐	2	
原王释	2	
兵中国	2	
名垂後	2	
求壮士	2	
国男女	2	
反灭氏	2	
负遗俗	2	
中国同	2	
同类相	2	
蚕食氏	2	
外交彊	2	
臣海内	2	
满道路	2	
选国中	2	
国中女	2	
兄弟宗	2	
事左右	2	
备盗贼	2	
伏式结	2	
式结轶	2	
臣宾客	2	
倡侏儒	2	
惑诸侯	2	
诸侯笑	2	
志辱身	2	
发闾左	2	
赵赵王	2	
兵旦暮	2	
地形险	2	
伏地泣	2	
中列侯	2	
追项籍	2	
宿卫中	2	
兵欲西	2	
举国委	2	
王母家	2	
欲移兵	2	
纪太后	2	
姊翁主	2	
悼惠冢	2	
惠冢园	2	
发踪指	2	
踪指示	2	
民田宅	2	
贲军尸	2	
军尸北	2	
内史保	2	
食邑平	2	
邑平阳	2	
郡国吏	2	
穀城山	2	
烧绝栈	2	
绝栈道	2	
刘敬说	2	
吕嬃谗	2	
中盗贼	2	
持国秉	2	
棘门军	2	
备西北	2	
皇后兄	2	
徐卢等	2	
病免相	2	
膏腴地	2	
伏斧质	2	
意忽忽	2	
类犴反	2	
太后意	2	
道亲亲	2	
道尊尊	2	
袁盎诸	2	
食租税	2	
皇帝陛	2	
宜专边	2	
专边塞	2	
骸中野	2	
惟他议	2	
号位官	2	
群臣私	2	
臣私望	2	
臣汤昧	2	
周祭天	2	
臣庆等	2	
周辅成	2	
明显光	2	
东负海	2	
驰骋弋	2	
骋弋猎	2	
仓廪实	2	
縲绁中	2	
名显诸	2	
文乱法	2	
内骚动	2	
左右手	2	
北威齐	2	
名显天	2	
诸侯患	2	
筹策庞	2	
策庞涓	2	
遗太宰	2	
常鞅鞅	2	
季氏宰	2	
恣群臣	2	
示诸侯	2	
诸侯必	2	
结驷连	2	
摄敝衣	2	
敝衣冠	2	
公伯缭	2	
公孙氏	2	
公叔病	2	
王举国	2	
公孙贾	2	
伏甲士	2	
养老存	2	
鬼谷先	2	
渡河逾	2	
河逾漳	2	
欲割诸	2	
割诸侯	2	
涉勃海	2	
西面事	2	
仰天太	2	
天太息	2	
交彊虎	2	
彊虎狼	2	
外挟彊	2	
奉明约	2	
欲西面	2	
实外厩	2	
举巴蜀	2	
谨奉社	2	
食乌喙	2	
左右卖	2	
右卖国	2	
诸侯赞	2	
塞女戟	2	
事鬼谷	2	
案图籍	2	
臣原先	2	
积毁销	2	
毁销骨	2	
王箕帚	2	
甲据宜	2	
据宜阳	2	
断右臂	2	
酒酣乐	2	
脑涂地	2	
後王可	2	
仪原乞	2	
祭器必	2	
仕执珪	2	
楚争彊	2	
张唐相	2	
诸侯东	2	
中国名	2	
天地剖	2	
成侯卖	2	
侯卖田	2	
卖田忌	2	
王宣王	2	
威王威	2	
馀粱肉	2	
客食恐	2	
烧券书	2	
具牛酒	2	
游士冯	2	
士冯轼	2	
结靷西	2	
结靷东	2	
绝宾客	2	
东武城	2	
遗馀力	2	
公甫文	2	
甫文伯	2	
鼓刀屠	2	
威振天	2	
邻国相	2	
随水右	2	
水右壤	2	
持阴事	2	
宾客饮	2	
宗庙灭	2	
赍盗粮	2	
功成名	2	
倡优拙	2	
披腹心	2	
地殖穀	2	
势利倾	2	
诸侯害	2	
欲连兵	2	
唯恐他	2	
报先王	2	
恐侍御	2	
毛翕公	2	
意偿城	2	
诸侯加	2	
侯加兵	2	
张左右	2	
释难解	2	
难解纷	2	
原公详	2	
霸中国	2	
圣王觉	2	
王觉寤	2	
霸诸侯	2	
按相眄	2	
枯朽株	2	
布衣穷	2	
诸侯游	2	
侯游士	2	
游士宾	2	
士宾客	2	
客列传	2	
图国事	2	
侯相兼	2	
灭诸侯	2	
移风易	2	
郡县城	2	
臣始皇	2	
常侍中	2	
苦形劳	2	
形劳神	2	
主严尊	2	
馀列传	2	
刎颈交	2	
倳刃公	2	
伏谒道	2	
北收兵	2	
先尝军	2	
解印绶	2	
王家奴	2	
魏豹彭	2	
豹彭越	2	
彭越列	2	
蒸龙变	2	
黥布列	2	
欲就天	2	
粮食必	2	
空壁逐	2	
粮食竭	2	
怀诸侯	2	
头足异	2	
武士缚	2	
夷灭宗	2	
卢绾列	2	
绾列传	2	
兵略地	2	
田儋列	2	
儋列传	2	
城先登	2	
诸侯剖	2	
侯剖符	2	
续氏後	2	
臣期期	2	
侵削诸	2	
相工相	2	
剖符通	2	
兵助讨	2	
绝饟道	2	
脱輓辂	2	
肝脑涂	2	
饮酒醉	2	
尊主卑	2	
主卑臣	2	
禽兽簿	2	
跪结穇	2	
每洗沐	2	
巡狩海	2	
支兰藏	2	
色诊病	2	
诊病决	2	
经主病	2	
脉结发	2	
加寒热	2	
中藏实	2	
食闺门	2	
闺门外	2	
要脊痛	2	
火齐米	2	
齐米汁	2	
番阴脉	2	
劳力事	2	
主藏魂	2	
手太阴	2	
节衣食	2	
原诸王	2	
诸宾客	2	
配天地	2	
轹宗室	2	
遗金财	2	
成祸乱	2	
夜涕泣	2	
罢军屯	2	
显功名	2	
臣结发	2	
匈奴列	2	
奴列传	2	
随畜牧	2	
逐水草	2	
食畜肉	2	
室女公	2	
女公主	2	
後氏等	2	
原寝兵	2	
兵休士	2	
缯絮食	2	
絮食物	2	
民畜产	2	
通关市	2	
贪财物	2	
众男女	2	
纵左右	2	
军列传	2	
率戎士	2	
率减什	2	
相纷挐	2	
蚕食天	2	
兵露师	2	
虚府库	2	
彊国劲	2	
国劲兵	2	
俳优侏	2	
兵临境	2	
南夷兵	2	
发境内	2	
色炫燿	2	
东西南	2	
西南北	2	
创业垂	2	
业垂统	2	
诸侯宗	2	
伤王后	2	
奉职循	2	
奉法循	2	
中豪猾	2	
旁郡国	2	
西北可	2	
西北国	2	
外国客	2	
求奇物	2	
借交报	2	
交报仇	2	
母家室	2	
貌荣名	2	
中宠臣	2	
帝唶吮	2	
穷困负	2	
乳母家	2	
宫府门	2	
神灵威	2	
灵威武	2	
投河中	2	
求尊誉	2	
明王圣	2	
夷各异	2	
各异卜	2	
好稼穑	2	
仰机利	2	
游闲公	2	
工商贾	2	
彊本节	2	
夷列传	2	
叔列传	2	
吏列传	2	